name,rating,is_in_dict,name_lenght, ,0,1,2,3,4,5,6,7,8,A,B,C,D,E,F,G,H,I,J,K,L,M,N,O,P,Q,R,S,T,U,V,W,X,Y,Z,_,Ø
solusbarque,1,False,11,0,0,0,0,0,0,0,0,0,0,1,1,0,0,1,0,0,0,0,0,0,1,0,0,1,0,1,1,2,0,2,0,0,0,0,0,0,0
icced,2,False,5,0,0,0,0,0,0,0,0,0,0,0,0,2,1,1,0,0,0,1,0,0,0,0,0,0,0,0,0,0,0,0,0,0,0,0,0,0,0
xeroc,3,False,5,0,0,0,0,0,0,0,0,0,0,0,0,1,0,1,0,0,0,0,0,0,0,0,0,1,0,0,1,0,0,0,0,0,1,0,0,0,0
aegis,4,True,5,0,0,0,0,0,0,0,0,0,0,1,0,0,0,1,0,1,0,1,0,0,0,0,0,0,0,0,0,1,0,0,0,0,0,0,0,0,0
priy77,1,False,6,0,0,0,0,0,0,0,0,2,0,0,0,0,0,0,0,0,0,1,0,0,0,0,0,0,1,0,1,0,0,0,0,0,0,1,0,0,0
emperorkyoka,2,False,12,0,0,0,0,0,0,0,0,0,0,1,0,0,0,2,0,0,0,0,0,2,0,1,0,2,1,0,2,0,0,0,0,0,0,1,0,0,0
lynxsis,3,False,7,0,0,0,0,0,0,0,0,0,0,0,0,0,0,0,0,0,0,1,0,0,1,0,1,0,0,0,0,2,0,0,0,0,1,1,0,0,0
ghost,4,True,5,0,0,0,0,0,0,0,0,0,0,0,0,0,0,0,0,1,1,0,0,0,0,0,0,1,0,0,0,1,1,0,0,0,0,0,0,0,0
anxious_emi,1,False,11,0,0,0,0,0,0,0,0,0,0,1,0,0,0,1,0,0,0,2,0,0,0,1,1,1,0,0,0,1,0,1,0,0,1,0,0,1,0
tangerineft,2,False,11,0,0,0,0,0,0,0,0,0,0,1,0,0,0,2,1,1,0,1,0,0,0,0,2,0,0,0,1,0,2,0,0,0,0,0,0,0,0
skix,3,False,4,0,0,0,0,0,0,0,0,0,0,0,0,0,0,0,0,0,0,1,0,1,0,0,0,0,0,0,0,1,0,0,0,0,1,0,0,0,0
bishop,4,True,6,0,0,0,0,0,0,0,0,0,0,0,1,0,0,0,0,0,1,1,0,0,0,0,0,1,1,0,0,1,0,0,0,0,0,0,0,0,0
purp_e,1,False,6,0,0,0,0,0,0,0,0,0,0,0,0,0,0,1,0,0,0,0,0,0,0,0,0,0,2,0,1,0,0,1,0,0,0,0,0,1,0
finex,2,False,5,0,0,0,0,0,0,0,0,0,0,0,0,0,0,1,1,0,0,1,0,0,0,0,1,0,0,0,0,0,0,0,0,0,1,0,0,0,0
rime,3,True,4,0,0,0,0,0,0,0,0,0,0,0,0,0,0,1,0,0,0,1,0,0,0,1,0,0,0,0,1,0,0,0,0,0,0,0,0,0,0
blue,4,True,4,0,0,0,0,0,0,0,0,0,0,0,1,0,0,1,0,0,0,0,0,0,1,0,0,0,0,0,0,0,0,1,0,0,0,0,0,0,0
buossor,1,False,7,0,0,0,0,0,0,0,0,0,0,0,1,0,0,0,0,0,0,0,0,0,0,0,0,2,0,0,1,2,0,1,0,0,0,0,0,0,0
blizzzen,2,False,8,0,0,0,0,0,0,0,0,0,0,0,1,0,0,1,0,0,0,1,0,0,1,0,1,0,0,0,0,0,0,0,0,0,0,0,3,0,0
paenutz,3,False,7,0,0,0,0,0,0,0,0,0,0,1,0,0,0,1,0,0,0,0,0,0,0,0,1,0,1,0,0,0,1,1,0,0,0,0,1,0,0
fiend,4,True,5,0,0,0,0,0,0,0,0,0,0,0,0,0,1,1,1,0,0,1,0,0,0,0,1,0,0,0,0,0,0,0,0,0,0,0,0,0,0
laserolupo,1,False,10,0,0,0,0,0,0,0,0,0,0,1,0,0,0,1,0,0,0,0,0,0,2,0,0,2,1,0,1,1,0,1,0,0,0,0,0,0,0
backinmarch,2,False,11,0,0,0,0,0,0,0,0,0,0,2,1,2,0,0,0,0,1,1,0,1,0,1,1,0,0,0,1,0,0,0,0,0,0,0,0,0,0
tricky,3,True,6,0,0,0,0,0,0,0,0,0,0,0,0,1,0,0,0,0,0,1,0,1,0,0,0,0,0,0,1,0,1,0,0,0,0,1,0,0,0
defy,4,True,4,0,0,0,0,0,0,0,0,0,0,0,0,0,1,1,1,0,0,0,0,0,0,0,0,0,0,0,0,0,0,0,0,0,0,1,0,0,0
lovemonkey,1,False,10,0,0,0,0,0,0,0,0,0,0,0,0,0,0,2,0,0,0,0,0,1,1,1,1,2,0,0,0,0,0,0,1,0,0,1,0,0,0
isolator,2,False,8,0,0,0,0,0,0,0,0,0,0,1,0,0,0,0,0,0,0,1,0,0,1,0,0,2,0,0,1,1,1,0,0,0,0,0,0,0,0
gadgets,3,False,7,0,0,0,0,0,0,0,0,0,0,1,0,0,1,1,0,2,0,0,0,0,0,0,0,0,0,0,0,1,1,0,0,0,0,0,0,0,0
deity,4,True,5,0,0,0,0,0,0,0,0,0,0,0,0,0,1,1,0,0,0,1,0,0,0,0,0,0,0,0,0,0,1,0,0,0,0,1,0,0,0
sucre_th,1,False,8,0,0,0,0,0,0,0,0,0,0,0,0,1,0,1,0,0,1,0,0,0,0,0,0,0,0,0,1,1,1,1,0,0,0,0,0,1,0
pikasso,2,False,7,0,0,0,0,0,0,0,0,0,0,1,0,0,0,0,0,0,0,1,0,1,0,0,0,1,1,0,0,2,0,0,0,0,0,0,0,0,0
conquer,3,True,7,0,0,0,0,0,0,0,0,0,0,0,0,1,0,1,0,0,0,0,0,0,0,0,1,1,0,1,1,0,0,1,0,0,0,0,0,0,0
winter,4,True,6,0,0,0,0,0,0,0,0,0,0,0,0,0,0,1,0,0,0,1,0,0,0,0,1,0,0,0,1,0,1,0,0,1,0,0,0,0,0
juicedupcootre,1,False,14,0,0,0,0,0,0,0,0,0,0,0,0,2,1,2,0,0,0,1,1,0,0,0,0,2,1,0,1,0,1,2,0,0,0,0,0,0,0
buzz,2,True,4,0,0,0,0,0,0,0,0,0,0,0,1,0,0,0,0,0,0,0,0,0,0,0,0,0,0,0,0,0,0,1,0,0,0,0,2,0,0
vep,3,False,3,0,0,0,0,0,0,0,0,0,0,0,0,0,0,1,0,0,0,0,0,0,0,0,0,0,1,0,0,0,0,0,1,0,0,0,0,0,0
paranoid,4,True,8,0,0,0,0,0,0,0,0,0,0,2,0,0,1,0,0,0,0,1,0,0,0,0,1,1,1,0,1,0,0,0,0,0,0,0,0,0,0
tschakigacki,1,False,12,0,0,0,0,0,0,0,0,0,0,2,0,2,0,0,0,1,1,2,0,2,0,0,0,0,0,0,0,1,1,0,0,0,0,0,0,0,0
knightingale,2,False,12,0,0,0,0,0,0,0,0,0,0,1,0,0,0,1,0,2,1,2,0,1,1,0,2,0,0,0,0,0,1,0,0,0,0,0,0,0,0
raizer,3,False,6,0,0,0,0,0,0,0,0,0,0,1,0,0,0,1,0,0,0,1,0,0,0,0,0,0,0,0,2,0,0,0,0,0,0,0,1,0,0
ikora,4,False,5,0,0,0,0,0,0,0,0,0,0,1,0,0,0,0,0,0,0,1,0,1,0,0,0,1,0,0,1,0,0,0,0,0,0,0,0,0,0
styngh,1,False,6,0,0,0,0,0,0,0,0,0,0,0,0,0,0,0,0,1,1,0,0,0,0,0,1,0,0,0,0,1,1,0,0,0,0,1,0,0,0
bocaine,2,False,7,0,0,0,0,0,0,0,0,0,0,1,1,1,0,1,0,0,0,1,0,0,0,0,1,1,0,0,0,0,0,0,0,0,0,0,0,0,0
prowling,3,True,8,0,0,0,0,0,0,0,0,0,0,0,0,0,0,0,0,1,0,1,0,0,1,0,1,1,1,0,1,0,0,0,0,1,0,0,0,0,0
final,4,True,5,0,0,0,0,0,0,0,0,0,0,1,0,0,0,0,1,0,0,1,0,0,1,0,1,0,0,0,0,0,0,0,0,0,0,0,0,0,0
zerostresslevel,1,False,15,0,0,0,0,0,0,0,0,0,0,0,0,0,0,4,0,0,0,0,0,0,2,0,0,1,0,0,2,3,1,0,1,0,0,0,1,0,0
lj,2,False,2,0,0,0,0,0,0,0,0,0,0,0,0,0,0,0,0,0,0,0,1,0,1,0,0,0,0,0,0,0,0,0,0,0,0,0,0,0,0
fantasia,3,True,8,0,0,0,0,0,0,0,0,0,0,3,0,0,0,0,1,0,0,1,0,0,0,0,1,0,0,0,0,1,1,0,0,0,0,0,0,0,0
ryze ,4,False,5,1,0,0,0,0,0,0,0,0,0,0,0,0,0,1,0,0,0,0,0,0,0,0,0,0,0,0,1,0,0,0,0,0,0,1,1,0,0
gagdhbbx,1,False,8,0,0,0,0,0,0,0,0,0,0,1,2,0,1,0,0,2,1,0,0,0,0,0,0,0,0,0,0,0,0,0,0,0,1,0,0,0,0
blackberserkerr,2,False,15,0,0,0,0,0,0,0,0,0,0,1,2,1,0,3,0,0,0,0,0,2,1,0,0,0,0,0,4,1,0,0,0,0,0,0,0,0,0
gala,3,True,4,0,0,0,0,0,0,0,0,0,0,2,0,0,0,0,0,1,0,0,0,0,1,0,0,0,0,0,0,0,0,0,0,0,0,0,0,0,0
aether,4,False,6,0,0,0,0,0,0,0,0,0,0,1,0,0,0,2,0,0,1,0,0,0,0,0,0,0,0,0,1,0,1,0,0,0,0,0,0,0,0
mcchunkst,1,False,9,0,0,0,0,0,0,0,0,0,0,0,0,2,0,0,0,0,1,0,0,1,0,1,1,0,0,0,0,1,1,1,0,0,0,0,0,0,0
ilyas,2,False,5,0,0,0,0,0,0,0,0,0,0,1,0,0,0,0,0,0,0,1,0,0,1,0,0,0,0,0,0,1,0,0,0,0,0,1,0,0,0
raider,3,True,6,0,0,0,0,0,0,0,0,0,0,1,0,0,1,1,0,0,0,1,0,0,0,0,0,0,0,0,2,0,0,0,0,0,0,0,0,0,0
morningstar,4,False,11,0,0,0,0,0,0,0,0,0,0,1,0,0,0,0,0,1,0,1,0,0,0,1,2,1,0,0,2,1,1,0,0,0,0,0,0,0,0
rapiids,1,False,7,0,0,0,0,0,0,0,0,0,0,1,0,0,1,0,0,0,0,2,0,0,0,0,0,0,1,0,1,1,0,0,0,0,0,0,0,0,0
trueorder,2,False,9,0,0,0,0,0,0,0,0,0,0,0,0,0,1,2,0,0,0,0,0,0,0,0,0,1,0,0,3,0,1,1,0,0,0,0,0,0,0
zetroi,3,False,6,0,0,0,0,0,0,0,0,0,0,0,0,0,0,1,0,0,0,1,0,0,0,0,0,1,0,0,1,0,1,0,0,0,0,0,1,0,0
luxury,4,True,6,0,0,0,0,0,0,0,0,0,0,0,0,0,0,0,0,0,0,0,0,0,1,0,0,0,0,0,1,0,0,2,0,0,1,1,0,0,0
kaiba,1,False,5,0,0,0,0,0,0,0,0,0,0,2,1,0,0,0,0,0,0,1,0,1,0,0,0,0,0,0,0,0,0,0,0,0,0,0,0,0,0
bones,2,False,5,0,0,0,0,0,0,0,0,0,0,0,1,0,0,1,0,0,0,0,0,0,0,0,1,1,0,0,0,1,0,0,0,0,0,0,0,0,0
xenjih,3,False,6,0,0,0,0,0,0,0,0,0,0,0,0,0,0,1,0,0,1,1,1,0,0,0,1,0,0,0,0,0,0,0,0,0,1,0,0,0,0
omen,4,True,4,0,0,0,0,0,0,0,0,0,0,0,0,0,0,1,0,0,0,0,0,0,0,1,1,1,0,0,0,0,0,0,0,0,0,0,0,0,0
dumpyflapwagons,1,False,15,0,0,0,0,0,0,0,0,0,0,2,0,0,1,0,1,1,0,0,0,0,1,1,1,1,2,0,0,1,0,1,0,1,0,1,0,0,0
wanted nearby,2,False,13,1,0,0,0,0,0,0,0,0,0,2,1,0,1,2,0,0,0,0,0,0,0,0,2,0,0,0,1,0,1,0,0,1,0,1,0,0,0
ogre,3,True,4,0,0,0,0,0,0,0,0,0,0,0,0,0,0,1,0,1,0,0,0,0,0,0,0,1,0,0,1,0,0,0,0,0,0,0,0,0,0
archangel,4,True,9,0,0,0,0,0,0,0,0,0,0,2,0,1,0,1,0,1,1,0,0,0,1,0,1,0,0,0,1,0,0,0,0,0,0,0,0,0,0
warlocksneverdie,1,False,16,0,0,0,0,0,0,0,0,0,0,1,0,1,1,3,0,0,0,1,0,1,1,0,1,1,0,0,2,1,0,0,1,1,0,0,0,0,0
ace of spades,2,False,13,2,0,0,0,0,0,0,0,0,0,2,0,1,1,2,1,0,0,0,0,0,0,0,0,1,1,0,0,2,0,0,0,0,0,0,0,0,0
vakin,3,False,5,0,0,0,0,0,0,0,0,0,0,1,0,0,0,0,0,0,0,1,0,1,0,0,1,0,0,0,0,0,0,0,1,0,0,0,0,0,0
solar,4,True,5,0,0,0,0,0,0,0,0,0,0,1,0,0,0,0,0,0,0,0,0,0,1,0,0,1,0,0,1,1,0,0,0,0,0,0,0,0,0
bigdogbeach,1,False,11,0,0,0,0,0,0,0,0,0,0,1,2,1,1,1,0,2,1,1,0,0,0,0,0,1,0,0,0,0,0,0,0,0,0,0,0,0,0
righteous,2,True,9,0,0,0,0,0,0,0,0,0,0,0,0,0,0,1,0,1,1,1,0,0,0,0,0,1,0,0,1,1,1,1,0,0,0,0,0,0,0
refuse,3,True,6,0,0,0,0,0,0,0,0,0,0,0,0,0,0,2,1,0,0,0,0,0,0,0,0,0,0,0,1,1,0,1,0,0,0,0,0,0,0
radiant,4,True,7,0,0,0,0,0,0,0,0,0,0,2,0,0,1,0,0,0,0,1,0,0,0,0,1,0,0,0,1,0,1,0,0,0,0,0,0,0,0
shmellybeans,1,False,12,0,0,0,0,0,0,0,0,0,0,1,1,0,0,2,0,0,1,0,0,0,2,1,1,0,0,0,0,2,0,0,0,0,0,1,0,0,0
embrazed,2,False,8,0,0,0,0,0,0,0,0,0,0,1,1,0,1,2,0,0,0,0,0,0,0,1,0,0,0,0,1,0,0,0,0,0,0,0,1,0,0
magic,3,True,5,0,0,0,0,0,0,0,0,0,0,1,0,1,0,0,0,1,0,1,0,0,0,1,0,0,0,0,0,0,0,0,0,0,0,0,0,0,0
midnight,4,True,8,0,0,0,0,0,0,0,0,0,0,0,0,0,1,0,0,1,1,2,0,0,0,1,1,0,0,0,0,0,1,0,0,0,0,0,0,0,0
daniel,1,False,6,0,0,0,0,0,0,0,0,0,0,1,0,0,1,1,0,0,0,1,0,0,1,0,1,0,0,0,0,0,0,0,0,0,0,0,0,0,0
squitch,2,True,7,0,0,0,0,0,0,0,0,0,0,0,0,1,0,0,0,0,1,1,0,0,0,0,0,0,0,1,0,1,1,1,0,0,0,0,0,0,0
radar,3,True,5,0,0,0,0,0,0,0,0,0,0,2,0,0,1,0,0,0,0,0,0,0,0,0,0,0,0,0,2,0,0,0,0,0,0,0,0,0,0
anti,4,True,4,0,0,0,0,0,0,0,0,0,0,1,0,0,0,0,0,0,0,1,0,0,0,0,1,0,0,0,0,0,1,0,0,0,0,0,0,0,0
mrshurikenz,1,False,11,0,0,0,0,0,0,0,0,0,0,0,0,0,0,1,0,0,1,1,0,1,0,1,1,0,0,0,2,1,0,1,0,0,0,0,1,0,0
namekian,2,False,8,0,0,0,0,0,0,0,0,0,0,2,0,0,0,1,0,0,0,1,0,1,0,1,2,0,0,0,0,0,0,0,0,0,0,0,0,0,0
jyun,3,False,4,0,0,0,0,0,0,0,0,0,0,0,0,0,0,0,0,0,0,0,1,0,0,0,1,0,0,0,0,0,0,1,0,0,0,1,0,0,0
horror,4,True,6,0,0,0,0,0,0,0,0,0,0,0,0,0,0,0,0,0,1,0,0,0,0,0,0,2,0,0,3,0,0,0,0,0,0,0,0,0,0
sopoeticlike,1,False,12,0,0,0,0,0,0,0,0,0,0,0,0,1,0,2,0,0,0,2,0,1,1,0,0,2,1,0,0,1,1,0,0,0,0,0,0,0,0
juliejupiter ,2,False,13,1,0,0,0,0,0,0,0,0,0,0,0,0,0,2,0,0,0,2,2,0,1,0,0,0,1,0,1,0,1,2,0,0,0,0,0,0,0
disciple,3,True,8,0,0,0,0,0,0,0,0,0,0,0,0,1,1,1,0,0,0,2,0,0,1,0,0,0,1,0,0,1,0,0,0,0,0,0,0,0,0
alice,4,False,5,0,0,0,0,0,0,0,0,0,0,1,0,1,0,1,0,0,0,1,0,0,1,0,0,0,0,0,0,0,0,0,0,0,0,0,0,0,0
cleanest_abs_na,1,False,15,0,0,0,0,0,0,0,0,0,0,3,1,1,0,2,0,0,0,0,0,0,1,0,2,0,0,0,0,2,1,0,0,0,0,0,0,2,0
wahae,2,False,5,0,0,0,0,0,0,0,0,0,0,2,0,0,0,1,0,0,1,0,0,0,0,0,0,0,0,0,0,0,0,0,0,1,0,0,0,0,0
fortune,3,True,7,0,0,0,0,0,0,0,0,0,0,0,0,0,0,1,1,0,0,0,0,0,0,0,1,1,0,0,1,0,1,1,0,0,0,0,0,0,0
reflect,4,True,7,0,0,0,0,0,0,0,0,0,0,0,0,1,0,2,1,0,0,0,0,0,1,0,0,0,0,0,1,0,1,0,0,0,0,0,0,0,0
seasonalmigraine,1,False,16,0,0,0,0,0,0,0,0,0,0,3,0,0,0,2,0,1,0,2,0,0,1,1,2,1,0,0,1,2,0,0,0,0,0,0,0,0,0
baited,2,False,6,0,0,0,0,0,0,0,0,0,0,1,1,0,1,1,0,0,0,1,0,0,0,0,0,0,0,0,0,0,1,0,0,0,0,0,0,0,0
axle,3,True,4,0,0,0,0,0,0,0,0,0,0,1,0,0,0,1,0,0,0,0,0,0,1,0,0,0,0,0,0,0,0,0,0,0,1,0,0,0,0
silence,4,True,7,0,0,0,0,0,0,0,0,0,0,0,0,1,0,2,0,0,0,1,0,0,1,0,1,0,0,0,0,1,0,0,0,0,0,0,0,0,0
bigmacpowerhouse,1,False,16,0,0,0,0,0,0,0,0,0,0,1,1,1,0,2,0,1,1,1,0,0,0,1,0,2,1,0,1,1,0,1,0,1,0,0,0,0,0
kenobi,2,False,6,0,0,0,0,0,0,0,0,0,0,0,1,0,0,1,0,0,0,1,0,1,0,0,1,1,0,0,0,0,0,0,0,0,0,0,0,0,0
nght,3,False,4,0,0,0,0,0,0,0,0,0,0,0,0,0,0,0,0,1,1,0,0,0,0,0,1,0,0,0,0,0,1,0,0,0,0,0,0,0,0
autumn,4,True,6,0,0,0,0,0,0,0,0,0,0,1,0,0,0,0,0,0,0,0,0,0,0,1,1,0,0,0,0,0,1,2,0,0,0,0,0,0,0
raph,1,False,4,0,0,0,0,0,0,0,0,0,0,1,0,0,0,0,0,0,1,0,0,0,0,0,0,0,1,0,1,0,0,0,0,0,0,0,0,0,0
levon,2,False,5,0,0,0,0,0,0,0,0,0,0,0,0,0,0,1,0,0,0,0,0,0,1,0,1,1,0,0,0,0,0,0,1,0,0,0,0,0,0
arceus,3,False,6,0,0,0,0,0,0,0,0,0,0,1,0,1,0,1,0,0,0,0,0,0,0,0,0,0,0,0,1,1,0,1,0,0,0,0,0,0,0
silent,4,True,6,0,0,0,0,0,0,0,0,0,0,0,0,0,0,1,0,0,0,1,0,0,1,0,1,0,0,0,0,1,1,0,0,0,0,0,0,0,0
maczeuss,1,False,8,0,0,0,0,0,0,0,0,0,0,1,0,1,0,1,0,0,0,0,0,0,0,1,0,0,0,0,0,2,0,1,0,0,0,0,1,0,0
snakez,2,False,6,0,0,0,0,0,0,0,0,0,0,1,0,0,0,1,0,0,0,0,0,1,0,0,1,0,0,0,0,1,0,0,0,0,0,0,1,0,0
kuma,3,False,4,0,0,0,0,0,0,0,0,0,0,1,0,0,0,0,0,0,0,0,0,1,0,1,0,0,0,0,0,0,0,1,0,0,0,0,0,0,0
tempest,4,True,7,0,0,0,0,0,0,0,0,0,0,0,0,0,0,2,0,0,0,0,0,0,0,1,0,0,1,0,0,1,2,0,0,0,0,0,0,0,0
flsck,1,False,5,0,0,0,0,0,0,0,0,0,0,0,0,1,0,0,1,0,0,0,0,1,1,0,0,0,0,0,0,1,0,0,0,0,0,0,0,0,0
yujio,2,False,5,0,0,0,0,0,0,0,0,0,0,0,0,0,0,0,0,0,0,1,1,0,0,0,0,1,0,0,0,0,0,1,0,0,0,1,0,0,0
nizen,3,False,5,0,0,0,0,0,0,0,0,0,0,0,0,0,0,1,0,0,0,1,0,0,0,0,2,0,0,0,0,0,0,0,0,0,0,0,1,0,0
søren,4,False,5,0,0,0,0,0,0,0,0,0,0,0,0,0,0,1,0,0,0,0,0,0,0,0,1,0,0,0,1,1,0,0,0,0,0,0,0,0,1
davids,1,False,6,0,0,0,0,0,0,0,0,0,0,1,0,0,2,0,0,0,0,1,0,0,0,0,0,0,0,0,0,1,0,0,1,0,0,0,0,0,0
voxen,2,False,5,0,0,0,0,0,0,0,0,0,0,0,0,0,0,1,0,0,0,0,0,0,0,0,1,1,0,0,0,0,0,0,1,0,1,0,0,0,0
reaver,3,True,6,0,0,0,0,0,0,0,0,0,0,1,0,0,0,2,0,0,0,0,0,0,0,0,0,0,0,0,2,0,0,0,1,0,0,0,0,0,0
divine,4,True,6,0,0,0,0,0,0,0,0,0,0,0,0,0,1,1,0,0,0,2,0,0,0,0,1,0,0,0,0,0,0,0,1,0,0,0,0,0,0
thrumbo,1,False,7,0,0,0,0,0,0,0,0,0,0,0,1,0,0,0,0,0,1,0,0,0,0,1,0,1,0,0,1,0,1,1,0,0,0,0,0,0,0
append,2,True,6,0,0,0,0,0,0,0,0,0,0,1,0,0,1,1,0,0,0,0,0,0,0,0,1,0,2,0,0,0,0,0,0,0,0,0,0,0,0
krox,3,False,4,0,0,0,0,0,0,0,0,0,0,0,0,0,0,0,0,0,0,0,0,1,0,0,0,1,0,0,1,0,0,0,0,0,1,0,0,0,0
moonlight,4,True,9,0,0,0,0,0,0,0,0,0,0,0,0,0,0,0,0,1,1,1,0,0,1,1,1,2,0,0,0,0,1,0,0,0,0,0,0,0,0
chasey,1,False,6,0,0,0,0,0,0,0,0,0,0,1,0,1,0,1,0,0,1,0,0,0,0,0,0,0,0,0,0,1,0,0,0,0,0,1,0,0,0
kuba,2,True,4,0,0,0,0,0,0,0,0,0,0,1,1,0,0,0,0,0,0,0,0,1,0,0,0,0,0,0,0,0,0,1,0,0,0,0,0,0,0
wedding cake,3,False,12,1,0,0,0,0,0,0,0,0,0,1,0,1,2,2,0,1,0,1,0,1,0,0,1,0,0,0,0,0,0,0,0,1,0,0,0,0,0
frost,4,True,5,0,0,0,0,0,0,0,0,0,0,0,0,0,0,0,1,0,0,0,0,0,0,0,0,1,0,0,1,1,1,0,0,0,0,0,0,0,0
blackdoor,1,False,9,0,0,0,0,0,0,0,0,0,0,1,1,1,1,0,0,0,0,0,0,1,1,0,0,2,0,0,1,0,0,0,0,0,0,0,0,0,0
qrtyqaz,2,False,7,0,0,0,0,0,0,0,0,0,0,1,0,0,0,0,0,0,0,0,0,0,0,0,0,0,0,2,1,0,1,0,0,0,0,1,1,0,0
replicant,3,False,9,0,0,0,0,0,0,0,0,0,0,1,0,1,0,1,0,0,0,1,0,0,1,0,1,0,1,0,1,0,1,0,0,0,0,0,0,0,0
jet,4,True,3,0,0,0,0,0,0,0,0,0,0,0,0,0,0,1,0,0,0,0,1,0,0,0,0,0,0,0,0,0,1,0,0,0,0,0,0,0,0
ultimateace,1,False,11,0,0,0,0,0,0,0,0,0,0,2,0,1,0,2,0,0,0,1,0,0,1,1,0,0,0,0,0,0,2,1,0,0,0,0,0,0,0
zilla,2,False,5,0,0,0,0,0,0,0,0,0,0,1,0,0,0,0,0,0,0,1,0,0,2,0,0,0,0,0,0,0,0,0,0,0,0,0,1,0,0
asii,3,False,4,0,0,0,0,0,0,0,0,0,0,1,0,0,0,0,0,0,0,2,0,0,0,0,0,0,0,0,0,1,0,0,0,0,0,0,0,0,0
rip,4,True,3,0,0,0,0,0,0,0,0,0,0,0,0,0,0,0,0,0,0,1,0,0,0,0,0,0,1,0,1,0,0,0,0,0,0,0,0,0,0
the1337troll,1,False,12,0,0,1,0,2,0,0,0,1,0,0,0,0,0,1,0,0,1,0,0,0,2,0,0,1,0,0,1,0,2,0,0,0,0,0,0,0,0
doubletap,2,False,9,0,0,0,0,0,0,0,0,0,0,1,1,0,1,1,0,0,0,0,0,0,1,0,0,1,1,0,0,0,1,1,0,0,0,0,0,0,0
force,3,True,5,0,0,0,0,0,0,0,0,0,0,0,0,1,0,1,1,0,0,0,0,0,0,0,0,1,0,0,1,0,0,0,0,0,0,0,0,0,0
dawn,4,True,4,0,0,0,0,0,0,0,0,0,0,1,0,0,1,0,0,0,0,0,0,0,0,0,1,0,0,0,0,0,0,0,0,1,0,0,0,0,0
mccluckins,1,False,10,0,0,0,0,0,0,0,0,0,0,0,0,3,0,0,0,0,0,1,0,1,1,1,1,0,0,0,0,1,0,1,0,0,0,0,0,0,0
xokaff,2,False,6,0,0,0,0,0,0,0,0,0,0,1,0,0,0,0,2,0,0,0,0,1,0,0,0,1,0,0,0,0,0,0,0,0,1,0,0,0,0
ezerrath,3,False,8,0,0,0,0,0,0,0,0,0,0,1,0,0,0,2,0,0,1,0,0,0,0,0,0,0,0,0,2,0,1,0,0,0,0,0,1,0,0
seven,4,True,5,0,0,0,0,0,0,0,0,0,0,0,0,0,0,2,0,0,0,0,0,0,0,0,1,0,0,0,0,1,0,0,1,0,0,0,0,0,0
unempressive,1,False,12,0,0,0,0,0,0,0,0,0,0,0,0,0,0,3,0,0,0,1,0,0,0,1,1,0,1,0,1,2,0,1,1,0,0,0,0,0,0
dyxed,2,False,5,0,0,0,0,0,0,0,0,0,0,0,0,0,2,1,0,0,0,0,0,0,0,0,0,0,0,0,0,0,0,0,0,0,1,1,0,0,0
kreation,3,False,8,0,0,0,0,0,0,0,0,0,0,1,0,0,0,1,0,0,0,1,0,1,0,0,1,1,0,0,1,0,1,0,0,0,0,0,0,0,0
iris,4,True,4,0,0,0,0,0,0,0,0,0,0,0,0,0,0,0,0,0,0,2,0,0,0,0,0,0,0,0,1,1,0,0,0,0,0,0,0,0,0
anevillemon,1,False,11,0,0,0,0,0,0,0,0,0,0,1,0,0,0,2,0,0,0,1,0,0,2,1,2,1,0,0,0,0,0,0,1,0,0,0,0,0,0
doombringer,2,False,11,0,0,0,0,0,0,0,0,0,0,0,1,0,1,1,0,1,0,1,0,0,0,1,1,2,0,0,2,0,0,0,0,0,0,0,0,0,0
venom,3,True,5,0,0,0,0,0,0,0,0,0,0,0,0,0,0,1,0,0,0,0,0,0,0,1,1,1,0,0,0,0,0,0,1,0,0,0,0,0,0
raikir,4,False,6,0,0,0,0,0,0,0,0,0,0,1,0,0,0,0,0,0,0,2,0,1,0,0,0,0,0,0,2,0,0,0,0,0,0,0,0,0,0
therealbobyfish,1,False,15,0,0,0,0,0,0,0,0,0,0,1,2,0,0,2,1,0,2,1,0,0,1,0,0,1,0,0,1,1,1,0,0,0,0,1,0,0,0
slicedpies,2,False,10,0,0,0,0,0,0,0,0,0,0,0,0,1,1,2,0,0,0,2,0,0,1,0,0,0,1,0,0,2,0,0,0,0,0,0,0,0,0
ancient,3,True,7,0,0,0,0,0,0,0,0,0,0,1,0,1,0,1,0,0,0,1,0,0,0,0,2,0,0,0,0,0,1,0,0,0,0,0,0,0,0
fallen,4,True,6,0,0,0,0,0,0,0,0,0,0,1,0,0,0,1,1,0,0,0,0,0,2,0,1,0,0,0,0,0,0,0,0,0,0,0,0,0,0
feminine priest,1,False,15,1,0,0,0,0,0,0,0,0,0,0,0,0,0,3,1,0,0,3,0,0,0,1,2,0,1,0,1,1,1,0,0,0,0,0,0,0,0
nidza,2,False,5,0,0,0,0,0,0,0,0,0,0,1,0,0,1,0,0,0,0,1,0,0,0,0,1,0,0,0,0,0,0,0,0,0,0,0,1,0,0
voidless,3,True,8,0,0,0,0,0,0,0,0,0,0,0,0,0,1,1,0,0,0,1,0,0,1,0,0,1,0,0,0,2,0,0,1,0,0,0,0,0,0
king maker,4,False,10,1,0,0,0,0,0,0,0,0,0,1,0,0,0,1,0,1,0,1,0,2,0,1,1,0,0,0,1,0,0,0,0,0,0,0,0,0,0
fivril,1,False,6,0,0,0,0,0,0,0,0,0,0,0,0,0,0,0,1,0,0,2,0,0,1,0,0,0,0,0,1,0,0,0,1,0,0,0,0,0,0
zwick,2,False,5,0,0,0,0,0,0,0,0,0,0,0,0,1,0,0,0,0,0,1,0,1,0,0,0,0,0,0,0,0,0,0,0,1,0,0,1,0,0
regen,3,False,5,0,0,0,0,0,0,0,0,0,0,0,0,0,0,2,0,1,0,0,0,0,0,0,1,0,0,0,1,0,0,0,0,0,0,0,0,0,0
villain,4,True,7,0,0,0,0,0,0,0,0,0,0,1,0,0,0,0,0,0,0,2,0,0,2,0,1,0,0,0,0,0,0,0,1,0,0,0,0,0,0
momomochie,1,False,10,0,0,0,0,0,0,0,0,0,0,0,0,1,0,1,0,0,1,1,0,0,0,3,0,3,0,0,0,0,0,0,0,0,0,0,0,0,0
resin,2,True,5,0,0,0,0,0,0,0,0,0,0,0,0,0,0,1,0,0,0,1,0,0,0,0,1,0,0,0,1,1,0,0,0,0,0,0,0,0,0
galoc,3,False,5,0,0,0,0,0,0,0,0,0,0,1,0,1,0,0,0,1,0,0,0,0,1,0,0,1,0,0,0,0,0,0,0,0,0,0,0,0,0
light,4,True,5,0,0,0,0,0,0,0,0,0,0,0,0,0,0,0,0,1,1,1,0,0,1,0,0,0,0,0,0,0,1,0,0,0,0,0,0,0,0
terigundam,1,False,10,0,0,0,0,0,0,0,0,0,0,1,0,0,1,1,0,1,0,1,0,0,0,1,1,0,0,0,1,0,1,1,0,0,0,0,0,0,0
naic1,2,False,5,0,0,1,0,0,0,0,0,0,0,1,0,1,0,0,0,0,0,1,0,0,0,0,1,0,0,0,0,0,0,0,0,0,0,0,0,0,0
ibro,3,False,4,0,0,0,0,0,0,0,0,0,0,0,1,0,0,0,0,0,0,1,0,0,0,0,0,1,0,0,1,0,0,0,0,0,0,0,0,0,0
demise,4,True,6,0,0,0,0,0,0,0,0,0,0,0,0,0,1,2,0,0,0,1,0,0,0,1,0,0,0,0,0,1,0,0,0,0,0,0,0,0,0
bismillah,1,True,9,0,0,0,0,0,0,0,0,0,0,1,1,0,0,0,0,0,1,2,0,0,2,1,0,0,0,0,0,1,0,0,0,0,0,0,0,0,0
chokopo,2,False,7,0,0,0,0,0,0,0,0,0,0,0,0,1,0,0,0,0,1,0,0,1,0,0,0,3,1,0,0,0,0,0,0,0,0,0,0,0,0
bee,3,True,3,0,0,0,0,0,0,0,0,0,0,0,1,0,0,2,0,0,0,0,0,0,0,0,0,0,0,0,0,0,0,0,0,0,0,0,0,0,0
whisper,4,True,7,0,0,0,0,0,0,0,0,0,0,0,0,0,0,1,0,0,1,1,0,0,0,0,0,0,1,0,1,1,0,0,0,1,0,0,0,0,0
pcho1000,1,False,8,0,3,1,0,0,0,0,0,0,0,0,0,1,0,0,0,0,1,0,0,0,0,0,0,1,1,0,0,0,0,0,0,0,0,0,0,0,0
aphilon,2,False,7,0,0,0,0,0,0,0,0,0,0,1,0,0,0,0,0,0,1,1,0,0,1,0,1,1,1,0,0,0,0,0,0,0,0,0,0,0,0
azano,3,False,5,0,0,0,0,0,0,0,0,0,0,2,0,0,0,0,0,0,0,0,0,0,0,0,1,1,0,0,0,0,0,0,0,0,0,0,1,0,0
faithful,4,True,8,0,0,0,0,0,0,0,0,0,0,1,0,0,0,0,2,0,1,1,0,0,1,0,0,0,0,0,0,0,1,1,0,0,0,0,0,0,0
toledo,1,False,6,0,0,0,0,0,0,0,0,0,0,0,0,0,1,1,0,0,0,0,0,0,1,0,0,2,0,0,0,0,1,0,0,0,0,0,0,0,0
white rocks,2,False,11,1,0,0,0,0,0,0,0,0,0,0,0,1,0,1,0,0,1,1,0,1,0,0,0,1,0,0,1,1,1,0,0,1,0,0,0,0,0
raccoon,3,True,7,0,0,0,0,0,0,0,0,0,0,1,0,2,0,0,0,0,0,0,0,0,0,0,1,2,0,0,1,0,0,0,0,0,0,0,0,0,0
vizen,4,False,5,0,0,0,0,0,0,0,0,0,0,0,0,0,0,1,0,0,0,1,0,0,0,0,1,0,0,0,0,0,0,0,1,0,0,0,1,0,0
spectrobuni,1,False,11,0,0,0,0,0,0,0,0,0,0,0,1,1,0,1,0,0,0,1,0,0,0,0,1,1,1,0,1,1,1,1,0,0,0,0,0,0,0
ignis,2,False,5,0,0,0,0,0,0,0,0,0,0,0,0,0,0,0,0,1,0,2,0,0,0,0,1,0,0,0,0,1,0,0,0,0,0,0,0,0,0
divinity,3,True,8,0,0,0,0,0,0,0,0,0,0,0,0,0,1,0,0,0,0,3,0,0,0,0,1,0,0,0,0,0,1,0,1,0,0,1,0,0,0
arcane,4,True,6,0,0,0,0,0,0,0,0,0,0,2,0,1,0,1,0,0,0,0,0,0,0,0,1,0,0,0,1,0,0,0,0,0,0,0,0,0,0
lamegrass,1,False,9,0,0,0,0,0,0,0,0,0,0,2,0,0,0,1,0,1,0,0,0,0,1,1,0,0,0,0,1,2,0,0,0,0,0,0,0,0,0
conflux,2,True,7,0,0,0,0,0,0,0,0,0,0,0,0,1,0,0,1,0,0,0,0,0,1,0,1,1,0,0,0,0,0,1,0,0,1,0,0,0,0
midas,3,False,5,0,0,0,0,0,0,0,0,0,0,1,0,0,1,0,0,0,0,1,0,0,0,1,0,0,0,0,0,1,0,0,0,0,0,0,0,0,0
flawless,4,True,8,0,0,0,0,0,0,0,0,0,0,1,0,0,0,1,1,0,0,0,0,0,2,0,0,0,0,0,0,2,0,0,0,1,0,0,0,0,0
blakeoburn,1,False,10,0,0,0,0,0,0,0,0,0,0,1,2,0,0,1,0,0,0,0,0,1,1,0,1,1,0,0,1,0,0,1,0,0,0,0,0,0,0
kro,2,False,3,0,0,0,0,0,0,0,0,0,0,0,0,0,0,0,0,0,0,0,0,1,0,0,0,1,0,0,1,0,0,0,0,0,0,0,0,0,0
chimera,3,True,7,0,0,0,0,0,0,0,0,0,0,1,0,1,0,1,0,0,1,1,0,0,0,1,0,0,0,0,1,0,0,0,0,0,0,0,0,0,0
power puff girl,4,False,15,2,0,0,0,0,0,0,0,0,0,0,0,0,0,1,2,1,0,1,0,0,1,0,0,1,2,0,2,0,0,1,0,1,0,0,0,0,0
melonhats,1,False,9,0,0,0,0,0,0,0,0,0,0,1,0,0,0,1,0,0,1,0,0,0,1,1,1,1,0,0,0,1,1,0,0,0,0,0,0,0,0
archerist,2,False,9,0,0,0,0,0,0,0,0,0,0,1,0,1,0,1,0,0,1,1,0,0,0,0,0,0,0,0,2,1,1,0,0,0,0,0,0,0,0
lightning,3,True,9,0,0,0,0,0,0,0,0,0,0,0,0,0,0,0,0,2,1,2,0,0,1,0,2,0,0,0,0,0,1,0,0,0,0,0,0,0,0
vedius,4,False,6,0,0,0,0,0,0,0,0,0,0,0,0,0,1,1,0,0,0,1,0,0,0,0,0,0,0,0,0,1,0,1,1,0,0,0,0,0,0
cynosure,1,True,8,0,0,0,0,0,0,0,0,0,0,0,0,1,0,1,0,0,0,0,0,0,0,0,1,1,0,0,1,1,0,1,0,0,0,1,0,0,0
pixels,2,False,6,0,0,0,0,0,0,0,0,0,0,0,0,0,0,1,0,0,0,1,0,0,1,0,0,0,1,0,0,1,0,0,0,0,1,0,0,0,0
humble,3,True,6,0,0,0,0,0,0,0,0,0,0,0,1,0,0,1,0,0,1,0,0,0,1,1,0,0,0,0,0,0,0,1,0,0,0,0,0,0,0
imagine,4,True,7,0,0,0,0,0,0,0,0,0,0,1,0,0,0,1,0,1,0,2,0,0,0,1,1,0,0,0,0,0,0,0,0,0,0,0,0,0,0
roiboi,1,False,6,0,0,0,0,0,0,0,0,0,0,0,1,0,0,0,0,0,0,2,0,0,0,0,0,2,0,0,1,0,0,0,0,0,0,0,0,0,0
seccary,2,False,7,0,0,0,0,0,0,0,0,0,0,1,0,2,0,1,0,0,0,0,0,0,0,0,0,0,0,0,1,1,0,0,0,0,0,1,0,0,0
raze,3,True,4,0,0,0,0,0,0,0,0,0,0,1,0,0,0,1,0,0,0,0,0,0,0,0,0,0,0,0,1,0,0,0,0,0,0,0,1,0,0
zenith,4,True,6,0,0,0,0,0,0,0,0,0,0,0,0,0,0,1,0,0,1,1,0,0,0,0,1,0,0,0,0,0,1,0,0,0,0,0,1,0,0
tylermcarthur,1,False,13,0,0,0,0,0,0,0,0,0,0,1,0,1,0,1,0,0,1,0,0,0,1,1,0,0,0,0,3,0,2,1,0,0,0,1,0,0,0
takeda,2,False,6,0,0,0,0,0,0,0,0,0,0,2,0,0,1,1,0,0,0,0,0,1,0,0,0,0,0,0,0,0,1,0,0,0,0,0,0,0,0
revial,3,False,6,0,0,0,0,0,0,0,0,0,0,1,0,0,0,1,0,0,0,1,0,0,1,0,0,0,0,0,1,0,0,0,1,0,0,0,0,0,0
nightmare,4,True,9,0,0,0,0,0,0,0,0,0,0,1,0,0,0,1,0,1,1,1,0,0,0,1,1,0,0,0,1,0,1,0,0,0,0,0,0,0,0
coychocobo,1,False,10,0,0,0,0,0,0,0,0,0,0,0,1,3,0,0,0,0,1,0,0,0,0,0,0,4,0,0,0,0,0,0,0,0,0,1,0,0,0
zaki,2,False,4,0,0,0,0,0,0,0,0,0,0,1,0,0,0,0,0,0,0,1,0,1,0,0,0,0,0,0,0,0,0,0,0,0,0,0,1,0,0
zeve,3,False,4,0,0,0,0,0,0,0,0,0,0,0,0,0,0,2,0,0,0,0,0,0,0,0,0,0,0,0,0,0,0,0,1,0,0,0,1,0,0
sunfade,4,False,7,0,0,0,0,0,0,0,0,0,0,1,0,0,1,1,1,0,0,0,0,0,0,0,1,0,0,0,0,1,0,1,0,0,0,0,0,0,0
ynagoo,1,False,6,0,0,0,0,0,0,0,0,0,0,1,0,0,0,0,0,1,0,0,0,0,0,0,1,2,0,0,0,0,0,0,0,0,0,1,0,0,0
windy day,2,False,9,1,0,0,0,0,0,0,0,0,0,1,0,0,2,0,0,0,0,1,0,0,0,0,1,0,0,0,0,0,0,0,0,1,0,2,0,0,0
limitless,3,True,9,0,0,0,0,0,0,0,0,0,0,0,0,0,0,1,0,0,0,2,0,0,2,1,0,0,0,0,0,2,1,0,0,0,0,0,0,0,0
clown,4,True,5,0,0,0,0,0,0,0,0,0,0,0,0,1,0,0,0,0,0,0,0,0,1,0,1,1,0,0,0,0,0,0,0,1,0,0,0,0,0
laughingduck,1,False,12,0,0,0,0,0,0,0,0,0,0,1,0,1,1,0,0,2,1,1,0,1,1,0,1,0,0,0,0,0,0,2,0,0,0,0,0,0,0
outright,2,True,8,0,0,0,0,0,0,0,0,0,0,0,0,0,0,0,0,1,1,1,0,0,0,0,0,1,0,0,1,0,2,1,0,0,0,0,0,0,0
level,3,True,5,0,0,0,0,0,0,0,0,0,0,0,0,0,0,2,0,0,0,0,0,0,2,0,0,0,0,0,0,0,0,0,1,0,0,0,0,0,0
artist,4,True,6,0,0,0,0,0,0,0,0,0,0,1,0,0,0,0,0,0,0,1,0,0,0,0,0,0,0,0,1,1,2,0,0,0,0,0,0,0,0
neltran,1,False,7,0,0,0,0,0,0,0,0,0,0,1,0,0,0,1,0,0,0,0,0,0,1,0,2,0,0,0,1,0,1,0,0,0,0,0,0,0,0
evandar,2,False,7,0,0,0,0,0,0,0,0,0,0,2,0,0,1,1,0,0,0,0,0,0,0,0,1,0,0,0,1,0,0,0,1,0,0,0,0,0,0
gravity,3,True,7,0,0,0,0,0,0,0,0,0,0,1,0,0,0,0,0,1,0,1,0,0,0,0,0,0,0,0,1,0,1,0,1,0,0,1,0,0,0
zodiac,4,True,6,0,0,0,0,0,0,0,0,0,0,1,0,1,1,0,0,0,0,1,0,0,0,0,0,1,0,0,0,0,0,0,0,0,0,0,1,0,0
fouly,1,False,5,0,0,0,0,0,0,0,0,0,0,0,0,0,0,0,1,0,0,0,0,0,1,0,0,1,0,0,0,0,0,1,0,0,0,1,0,0,0
iceworm,2,False,7,0,0,0,0,0,0,0,0,0,0,0,0,1,0,1,0,0,0,1,0,0,0,1,0,1,0,0,1,0,0,0,0,1,0,0,0,0,0
cruel,3,True,5,0,0,0,0,0,0,0,0,0,0,0,0,1,0,1,0,0,0,0,0,0,1,0,0,0,0,0,1,0,0,1,0,0,0,0,0,0,0
rare,4,True,4,0,0,0,0,0,0,0,0,0,0,1,0,0,0,1,0,0,0,0,0,0,0,0,0,0,0,0,2,0,0,0,0,0,0,0,0,0,0
sushiboy,1,False,8,0,0,0,0,0,0,0,0,0,0,0,1,0,0,0,0,0,1,1,0,0,0,0,0,1,0,0,0,2,0,1,0,0,0,1,0,0,0
servus,2,False,6,0,0,0,0,0,0,0,0,0,0,0,0,0,0,1,0,0,0,0,0,0,0,0,0,0,0,0,1,2,0,1,1,0,0,0,0,0,0
denied,3,False,6,0,0,0,0,0,0,0,0,0,0,0,0,0,2,2,0,0,0,1,0,0,0,0,1,0,0,0,0,0,0,0,0,0,0,0,0,0,0
meatyanimethighs,1,False,16,0,0,0,0,0,0,0,0,0,0,2,0,0,0,2,0,1,2,2,0,0,0,2,1,0,0,0,0,1,2,0,0,0,0,1,0,0,0
bill nye,2,False,8,1,0,0,0,0,0,0,0,0,0,0,1,0,0,1,0,0,0,1,0,0,2,0,1,0,0,0,0,0,0,0,0,0,0,1,0,0,0
stargazer,3,True,9,0,0,0,0,0,0,0,0,0,0,2,0,0,0,1,0,1,0,0,0,0,0,0,0,0,0,0,2,1,1,0,0,0,0,0,1,0,0
cokeflakes,1,False,10,0,0,0,0,0,0,0,0,0,0,1,0,1,0,2,1,0,0,0,0,2,1,0,0,1,0,0,0,1,0,0,0,0,0,0,0,0,0
lextr,2,False,5,0,0,0,0,0,0,0,0,0,0,0,0,0,0,1,0,0,0,0,0,0,1,0,0,0,0,0,1,0,1,0,0,0,1,0,0,0,0
deceiver,3,True,8,0,0,0,0,0,0,0,0,0,0,0,0,1,1,3,0,0,0,1,0,0,0,0,0,0,0,0,1,0,0,0,1,0,0,0,0,0,0
cokenwaffles,1,False,12,0,0,0,0,0,0,0,0,0,0,1,0,1,0,2,2,0,0,0,0,1,1,0,1,1,0,0,0,1,0,0,0,1,0,0,0,0,0
lying note,2,False,10,1,0,0,0,0,0,0,0,0,0,0,0,0,0,1,0,1,0,1,0,0,1,0,2,1,0,0,0,0,1,0,0,0,0,1,0,0,0
kanika,3,False,6,0,0,0,0,0,0,0,0,0,0,2,0,0,0,0,0,0,0,1,0,2,0,0,1,0,0,0,0,0,0,0,0,0,0,0,0,0,0
voidstar,1,False,8,0,0,0,0,0,0,0,0,0,0,1,0,0,1,0,0,0,0,1,0,0,0,0,0,1,0,0,1,1,1,0,1,0,0,0,0,0,0
zetaf,2,False,5,0,0,0,0,0,0,0,0,0,0,1,0,0,0,1,1,0,0,0,0,0,0,0,0,0,0,0,0,0,1,0,0,0,0,0,1,0,0
aspects,3,False,7,0,0,0,0,0,0,0,0,0,0,1,0,1,0,1,0,0,0,0,0,0,0,0,0,0,1,0,0,2,1,0,0,0,0,0,0,0,0
noboat,1,False,6,0,0,0,0,0,0,0,0,0,0,1,1,0,0,0,0,0,0,0,0,0,0,0,1,2,0,0,0,0,1,0,0,0,0,0,0,0,0
landoor,2,False,7,0,0,0,0,0,0,0,0,0,0,1,0,0,1,0,0,0,0,0,0,0,1,0,1,2,0,0,1,0,0,0,0,0,0,0,0,0,0
scorch,3,True,6,0,0,0,0,0,0,0,0,0,0,0,0,2,0,0,0,0,1,0,0,0,0,0,0,1,0,0,1,1,0,0,0,0,0,0,0,0,0
thenuttynuzzler,1,False,15,0,0,0,0,0,0,0,0,0,0,0,0,0,0,2,0,0,1,0,0,0,1,0,2,0,0,0,1,0,3,2,0,0,0,1,2,0,0
lyds,2,False,4,0,0,0,0,0,0,0,0,0,0,0,0,0,1,0,0,0,0,0,0,0,1,0,0,0,0,0,0,1,0,0,0,0,0,1,0,0,0
duel,3,True,4,0,0,0,0,0,0,0,0,0,0,0,0,0,1,1,0,0,0,0,0,0,1,0,0,0,0,0,0,0,0,1,0,0,0,0,0,0,0
rachit,1,False,6,0,0,0,0,0,0,0,0,0,0,1,0,1,0,0,0,0,1,1,0,0,0,0,0,0,0,0,1,0,1,0,0,0,0,0,0,0,0
venaz,2,False,5,0,0,0,0,0,0,0,0,0,0,1,0,0,0,1,0,0,0,0,0,0,0,0,1,0,0,0,0,0,0,0,1,0,0,0,1,0,0
wolf,3,True,4,0,0,0,0,0,0,0,0,0,0,0,0,0,0,0,1,0,0,0,0,0,1,0,0,1,0,0,0,0,0,0,0,1,0,0,0,0,0
shopow,1,False,6,0,0,0,0,0,0,0,0,0,0,0,0,0,0,0,0,0,1,0,0,0,0,0,0,2,1,0,0,1,0,0,0,1,0,0,0,0,0
trem,2,False,4,0,0,0,0,0,0,0,0,0,0,0,0,0,0,1,0,0,0,0,0,0,0,1,0,0,0,0,1,0,1,0,0,0,0,0,0,0,0
deviant,3,True,7,0,0,0,0,0,0,0,0,0,0,1,0,0,1,1,0,0,0,1,0,0,0,0,1,0,0,0,0,0,1,0,1,0,0,0,0,0,0
naymah,1,False,6,0,0,0,0,0,0,0,0,0,0,2,0,0,0,0,0,0,1,0,0,0,0,1,1,0,0,0,0,0,0,0,0,0,0,1,0,0,0
zostro,2,False,6,0,0,0,0,0,0,0,0,0,0,0,0,0,0,0,0,0,0,0,0,0,0,0,0,2,0,0,1,1,1,0,0,0,0,0,1,0,0
slain,3,True,5,0,0,0,0,0,0,0,0,0,0,1,0,0,0,0,0,0,0,1,0,0,1,0,1,0,0,0,0,1,0,0,0,0,0,0,0,0,0
nyduka,1,False,6,0,0,0,0,0,0,0,0,0,0,1,0,0,1,0,0,0,0,0,0,1,0,0,1,0,0,0,0,0,0,1,0,0,0,1,0,0,0
timely,2,True,6,0,0,0,0,0,0,0,0,0,0,0,0,0,0,1,0,0,0,1,0,0,1,1,0,0,0,0,0,0,1,0,0,0,0,1,0,0,0
pine,3,True,4,0,0,0,0,0,0,0,0,0,0,0,0,0,0,1,0,0,0,1,0,0,0,0,1,0,1,0,0,0,0,0,0,0,0,0,0,0,0
mory,1,False,4,0,0,0,0,0,0,0,0,0,0,0,0,0,0,0,0,0,0,0,0,0,0,1,0,1,0,0,1,0,0,0,0,0,0,1,0,0,0
novus,2,False,5,0,0,0,0,0,0,0,0,0,0,0,0,0,0,0,0,0,0,0,0,0,0,0,1,1,0,0,0,1,0,1,1,0,0,0,0,0,0
genesis,3,True,7,0,0,0,0,0,0,0,0,0,0,0,0,0,0,2,0,1,0,1,0,0,0,0,1,0,0,0,0,2,0,0,0,0,0,0,0,0,0
rhetrospect,1,False,11,0,0,0,0,0,0,0,0,0,0,0,0,1,0,2,0,0,1,0,0,0,0,0,0,1,1,0,2,1,2,0,0,0,0,0,0,0,0
faerinx,2,False,7,0,0,0,0,0,0,0,0,0,0,1,0,0,0,1,1,0,0,1,0,0,0,0,1,0,0,0,1,0,0,0,0,0,1,0,0,0,0
horion,3,False,6,0,0,0,0,0,0,0,0,0,0,0,0,0,0,0,0,0,1,1,0,0,0,0,1,2,0,0,1,0,0,0,0,0,0,0,0,0,0
kanuka,1,False,6,0,0,0,0,0,0,0,0,0,0,2,0,0,0,0,0,0,0,0,0,2,0,0,1,0,0,0,0,0,0,1,0,0,0,0,0,0,0
atypical,2,True,8,0,0,0,0,0,0,0,0,0,0,2,0,1,0,0,0,0,0,1,0,0,1,0,0,0,1,0,0,0,1,0,0,0,0,1,0,0,0
typhoon,3,True,7,0,0,0,0,0,0,0,0,0,0,0,0,0,0,0,0,0,1,0,0,0,0,0,1,2,1,0,0,0,1,0,0,0,0,1,0,0,0
bbt4,1,False,4,0,0,0,0,0,1,0,0,0,0,0,2,0,0,0,0,0,0,0,0,0,0,0,0,0,0,0,0,0,1,0,0,0,0,0,0,0,0
widy,2,False,4,0,0,0,0,0,0,0,0,0,0,0,0,0,1,0,0,0,0,1,0,0,0,0,0,0,0,0,0,0,0,0,0,1,0,1,0,0,0
soji,3,False,4,0,0,0,0,0,0,0,0,0,0,0,0,0,0,0,0,0,0,1,1,0,0,0,0,1,0,0,0,1,0,0,0,0,0,0,0,0,0
mr injure,1,False,9,1,0,0,0,0,0,0,0,0,0,0,0,0,0,1,0,0,0,1,1,0,0,1,1,0,0,0,2,0,0,1,0,0,0,0,0,0,0
paroah,2,False,6,0,0,0,0,0,0,0,0,0,0,2,0,0,0,0,0,0,1,0,0,0,0,0,0,1,1,0,1,0,0,0,0,0,0,0,0,0,0
akito,3,False,5,0,0,0,0,0,0,0,0,0,0,1,0,0,0,0,0,0,0,1,0,1,0,0,0,1,0,0,0,0,1,0,0,0,0,0,0,0,0
ilano,1,False,5,0,0,0,0,0,0,0,0,0,0,1,0,0,0,0,0,0,0,1,0,0,1,0,1,1,0,0,0,0,0,0,0,0,0,0,0,0,0
silent scarlett,2,False,15,1,0,0,0,0,0,0,0,0,0,1,0,1,0,2,0,0,0,1,0,0,2,0,1,0,0,0,1,2,3,0,0,0,0,0,0,0,0
nycs,3,False,4,0,0,0,0,0,0,0,0,0,0,0,0,1,0,0,0,0,0,0,0,0,0,0,1,0,0,0,0,1,0,0,0,0,0,1,0,0,0
moves,1,False,5,0,0,0,0,0,0,0,0,0,0,0,0,0,0,1,0,0,0,0,0,0,0,1,0,1,0,0,0,1,0,0,1,0,0,0,0,0,0
kazgad,2,False,6,0,0,0,0,0,0,0,0,0,0,2,0,0,1,0,0,1,0,0,0,1,0,0,0,0,0,0,0,0,0,0,0,0,0,0,1,0,0
moonveil,3,False,8,0,0,0,0,0,0,0,0,0,0,0,0,0,0,1,0,0,0,1,0,0,1,1,1,2,0,0,0,0,0,0,1,0,0,0,0,0,0
nullsan,1,False,7,0,0,0,0,0,0,0,0,0,0,1,0,0,0,0,0,0,0,0,0,0,2,0,2,0,0,0,0,1,0,1,0,0,0,0,0,0,0
beyondhope,2,False,10,0,0,0,0,0,0,0,0,0,0,0,1,0,1,2,0,0,1,0,0,0,0,0,1,2,1,0,0,0,0,0,0,0,0,1,0,0,0
chakra,3,True,6,0,0,0,0,0,0,0,0,0,0,2,0,1,0,0,0,0,1,0,0,1,0,0,0,0,0,0,1,0,0,0,0,0,0,0,0,0,0
minisanta,1,False,9,0,0,0,0,0,0,0,0,0,0,2,0,0,0,0,0,0,0,2,0,0,0,1,2,0,0,0,0,1,1,0,0,0,0,0,0,0,0
sunleashed,2,False,10,0,0,0,0,0,0,0,0,0,0,1,0,0,1,2,0,0,1,0,0,0,1,0,1,0,0,0,0,2,0,1,0,0,0,0,0,0,0
based,3,True,5,0,0,0,0,0,0,0,0,0,0,1,1,0,1,1,0,0,0,0,0,0,0,0,0,0,0,0,0,1,0,0,0,0,0,0,0,0,0
jack_metallic,1,False,13,0,0,0,0,0,0,0,0,0,0,2,0,2,0,1,0,0,0,1,1,1,2,1,0,0,0,0,0,0,1,0,0,0,0,0,0,1,0
triggered,2,True,9,0,0,0,0,0,0,0,0,0,0,0,0,0,1,2,0,2,0,1,0,0,0,0,0,0,0,0,2,0,1,0,0,0,0,0,0,0,0
azem,3,False,4,0,0,0,0,0,0,0,0,0,0,1,0,0,0,1,0,0,0,0,0,0,0,1,0,0,0,0,0,0,0,0,0,0,0,0,1,0,0
prinse,1,False,6,0,0,0,0,0,0,0,0,0,0,0,0,0,0,1,0,0,0,1,0,0,0,0,1,0,1,0,1,1,0,0,0,0,0,0,0,0,0
starling,2,True,8,0,0,0,0,0,0,0,0,0,0,1,0,0,0,0,0,1,0,1,0,0,1,0,1,0,0,0,1,1,1,0,0,0,0,0,0,0,0
control,3,True,7,0,0,0,0,0,0,0,0,0,0,0,0,1,0,0,0,0,0,0,0,0,1,0,1,2,0,0,1,0,1,0,0,0,0,0,0,0,0
baestbill,1,False,9,0,0,0,0,0,0,0,0,0,0,1,2,0,0,1,0,0,0,1,0,0,2,0,0,0,0,0,0,1,1,0,0,0,0,0,0,0,0
antagonizer,2,True,11,0,0,0,0,0,0,0,0,0,0,2,0,0,0,1,0,1,0,1,0,0,0,0,2,1,0,0,1,0,1,0,0,0,0,0,1,0,0
soft,3,True,4,0,0,0,0,0,0,0,0,0,0,0,0,0,0,0,1,0,0,0,0,0,0,0,0,1,0,0,0,1,1,0,0,0,0,0,0,0,0
blenda,1,False,6,0,0,0,0,0,0,0,0,0,0,1,1,0,1,1,0,0,0,0,0,0,1,0,1,0,0,0,0,0,0,0,0,0,0,0,0,0,0
faithen,2,False,7,0,0,0,0,0,0,0,0,0,0,1,0,0,0,1,1,0,1,1,0,0,0,0,1,0,0,0,0,0,1,0,0,0,0,0,0,0,0
inevy,3,False,5,0,0,0,0,0,0,0,0,0,0,0,0,0,0,1,0,0,0,1,0,0,0,0,1,0,0,0,0,0,0,0,1,0,0,1,0,0,0
catsthatarebears,1,False,16,0,0,0,0,0,0,0,0,0,0,4,1,1,0,2,0,0,1,0,0,0,0,0,0,0,0,0,2,2,3,0,0,0,0,0,0,0,0
burdee,2,False,6,0,0,0,0,0,0,0,0,0,0,0,1,0,1,2,0,0,0,0,0,0,0,0,0,0,0,0,1,0,0,1,0,0,0,0,0,0,0
flare,3,True,5,0,0,0,0,0,0,0,0,0,0,1,0,0,0,1,1,0,0,0,0,0,1,0,0,0,0,0,1,0,0,0,0,0,0,0,0,0,0
roach,1,True,5,0,0,0,0,0,0,0,0,0,0,1,0,1,0,0,0,0,1,0,0,0,0,0,0,1,0,0,1,0,0,0,0,0,0,0,0,0,0
severse,2,False,7,0,0,0,0,0,0,0,0,0,0,0,0,0,0,3,0,0,0,0,0,0,0,0,0,0,0,0,1,2,0,0,1,0,0,0,0,0,0
muffin,3,True,6,0,0,0,0,0,0,0,0,0,0,0,0,0,0,0,2,0,0,1,0,0,0,1,1,0,0,0,0,0,0,1,0,0,0,0,0,0,0
gregory,1,False,7,0,0,0,0,0,0,0,0,0,0,0,0,0,0,1,0,2,0,0,0,0,0,0,0,1,0,0,2,0,0,0,0,0,0,1,0,0,0
rutger,2,False,6,0,0,0,0,0,0,0,0,0,0,0,0,0,0,1,0,1,0,0,0,0,0,0,0,0,0,0,2,0,1,1,0,0,0,0,0,0,0
feared,3,True,6,0,0,0,0,0,0,0,0,0,0,1,0,0,1,2,1,0,0,0,0,0,0,0,0,0,0,0,1,0,0,0,0,0,0,0,0,0,0
bourz,1,False,5,0,0,0,0,0,0,0,0,0,0,0,1,0,0,0,0,0,0,0,0,0,0,0,0,1,0,0,1,0,0,1,0,0,0,0,1,0,0
trimp,2,False,5,0,0,0,0,0,0,0,0,0,0,0,0,0,0,0,0,0,0,1,0,0,0,1,0,0,1,0,1,0,1,0,0,0,0,0,0,0,0
osiris,3,False,6,0,0,0,0,0,0,0,0,0,0,0,0,0,0,0,0,0,0,2,0,0,0,0,0,1,0,0,1,2,0,0,0,0,0,0,0,0,0
vgamd,1,False,5,0,0,0,0,0,0,0,0,0,0,1,0,0,1,0,0,1,0,0,0,0,0,1,0,0,0,0,0,0,0,0,1,0,0,0,0,0,0
shuter,2,False,6,0,0,0,0,0,0,0,0,0,0,0,0,0,0,1,0,0,1,0,0,0,0,0,0,0,0,0,1,1,1,1,0,0,0,0,0,0,0
arkiel,3,False,6,0,0,0,0,0,0,0,0,0,0,1,0,0,0,1,0,0,0,1,0,1,1,0,0,0,0,0,1,0,0,0,0,0,0,0,0,0,0
orongo,1,False,6,0,0,0,0,0,0,0,0,0,0,0,0,0,0,0,0,1,0,0,0,0,0,0,1,3,0,0,1,0,0,0,0,0,0,0,0,0,0
kenjo,2,False,5,0,0,0,0,0,0,0,0,0,0,0,0,0,0,1,0,0,0,0,1,1,0,0,1,1,0,0,0,0,0,0,0,0,0,0,0,0,0
forlorn goodbye,3,False,15,1,0,0,0,0,0,0,0,0,0,0,1,0,1,1,1,1,0,0,0,0,1,0,1,4,0,0,2,0,0,0,0,0,0,1,0,0,0
dom,1,True,3,0,0,0,0,0,0,0,0,0,0,0,0,0,1,0,0,0,0,0,0,0,0,1,0,1,0,0,0,0,0,0,0,0,0,0,0,0,0
deathnell,2,False,9,0,0,0,0,0,0,0,0,0,0,1,0,0,1,2,0,0,1,0,0,0,2,0,1,0,0,0,0,0,1,0,0,0,0,0,0,0,0
nefarious,3,True,9,0,0,0,0,0,0,0,0,0,0,1,0,0,0,1,1,0,0,1,0,0,0,0,1,1,0,0,1,1,0,1,0,0,0,0,0,0,0
cbrotom,1,False,7,0,0,0,0,0,0,0,0,0,0,0,1,1,0,0,0,0,0,0,0,0,0,1,0,2,0,0,1,0,1,0,0,0,0,0,0,0,0
mike oxlong,2,False,11,1,0,0,0,0,0,0,0,0,0,0,0,0,0,1,0,1,0,1,0,1,1,1,1,2,0,0,0,0,0,0,0,0,1,0,0,0,0
calum,3,False,5,0,0,0,0,0,0,0,0,0,0,1,0,1,0,0,0,0,0,0,0,0,1,1,0,0,0,0,0,0,0,1,0,0,0,0,0,0,0
knifebunz,1,False,9,0,0,0,0,0,0,0,0,0,0,0,1,0,0,1,1,0,0,1,0,1,0,0,2,0,0,0,0,0,0,1,0,0,0,0,1,0,0
rocket,2,True,6,0,0,0,0,0,0,0,0,0,0,0,0,1,0,1,0,0,0,0,0,1,0,0,0,1,0,0,1,0,1,0,0,0,0,0,0,0,0
arima,3,False,5,0,0,0,0,0,0,0,0,0,0,2,0,0,0,0,0,0,0,1,0,0,0,1,0,0,0,0,1,0,0,0,0,0,0,0,0,0,0
insertfloppy,1,False,12,0,0,0,0,0,0,0,0,0,0,0,0,0,0,1,1,0,0,1,0,0,1,0,1,1,2,0,1,1,1,0,0,0,0,1,0,0,0
exabius,2,False,7,0,0,0,0,0,0,0,0,0,0,1,1,0,0,1,0,0,0,1,0,0,0,0,0,0,0,0,0,1,0,1,0,0,1,0,0,0,0
kiyos,3,False,5,0,0,0,0,0,0,0,0,0,0,0,0,0,0,0,0,0,0,1,0,1,0,0,0,1,0,0,0,1,0,0,0,0,0,1,0,0,0
rocco,1,False,5,0,0,0,0,0,0,0,0,0,0,0,0,2,0,0,0,0,0,0,0,0,0,0,0,2,0,0,1,0,0,0,0,0,0,0,0,0,0
accelerator,2,True,11,0,0,0,0,0,0,0,0,0,0,2,0,2,0,2,0,0,0,0,0,0,1,0,0,1,0,0,2,0,1,0,0,0,0,0,0,0,0
thrill,3,True,6,0,0,0,0,0,0,0,0,0,0,0,0,0,0,0,0,0,1,1,0,0,2,0,0,0,0,0,1,0,1,0,0,0,0,0,0,0,0
childisch ,1,False,10,1,0,0,0,0,0,0,0,0,0,0,0,2,1,0,0,0,2,2,0,0,1,0,0,0,0,0,0,1,0,0,0,0,0,0,0,0,0
gigan,2,False,5,0,0,0,0,0,0,0,0,0,0,1,0,0,0,0,0,2,0,1,0,0,0,0,1,0,0,0,0,0,0,0,0,0,0,0,0,0,0
gaiden,3,False,6,0,0,0,0,0,0,0,0,0,0,1,0,0,1,1,0,1,0,1,0,0,0,0,1,0,0,0,0,0,0,0,0,0,0,0,0,0,0
vercie,1,False,6,0,0,0,0,0,0,0,0,0,0,0,0,1,0,2,0,0,0,1,0,0,0,0,0,0,0,0,1,0,0,0,1,0,0,0,0,0,0
gargleon,2,False,8,0,0,0,0,0,0,0,0,0,0,1,0,0,0,1,0,2,0,0,0,0,1,0,1,1,0,0,1,0,0,0,0,0,0,0,0,0,0
dusk,3,True,4,0,0,0,0,0,0,0,0,0,0,0,0,0,1,0,0,0,0,0,0,1,0,0,0,0,0,0,0,1,0,1,0,0,0,0,0,0,0
barapotte,1,False,9,0,0,0,0,0,0,0,0,0,0,2,1,0,0,1,0,0,0,0,0,0,0,0,0,1,1,0,1,0,2,0,0,0,0,0,0,0,0
paragon,2,True,7,0,0,0,0,0,0,0,0,0,0,2,0,0,0,0,0,1,0,0,0,0,0,0,1,1,1,0,1,0,0,0,0,0,0,0,0,0,0
zoark,3,False,5,0,0,0,0,0,0,0,0,0,0,1,0,0,0,0,0,0,0,0,0,1,0,0,0,1,0,0,1,0,0,0,0,0,0,0,1,0,0
jaesang,1,False,7,0,0,0,0,0,0,0,0,0,0,2,0,0,0,1,0,1,0,0,1,0,0,0,1,0,0,0,0,1,0,0,0,0,0,0,0,0,0
lodge,2,True,5,0,0,0,0,0,0,0,0,0,0,0,0,0,1,1,0,1,0,0,0,0,1,0,0,1,0,0,0,0,0,0,0,0,0,0,0,0,0
aurelius,3,False,8,0,0,0,0,0,0,0,0,0,0,1,0,0,0,1,0,0,0,1,0,0,1,0,0,0,0,0,1,1,0,2,0,0,0,0,0,0,0
shindai08,1,False,9,0,1,0,0,0,0,0,0,0,1,1,0,0,1,0,0,0,1,2,0,0,0,0,1,0,0,0,0,1,0,0,0,0,0,0,0,0,0
xeen,2,False,4,0,0,0,0,0,0,0,0,0,0,0,0,0,0,2,0,0,0,0,0,0,0,0,1,0,0,0,0,0,0,0,0,0,1,0,0,0,0
redfernal,3,False,9,0,0,0,0,0,0,0,0,0,0,1,0,0,1,2,1,0,0,0,0,0,1,0,1,0,0,0,2,0,0,0,0,0,0,0,0,0,0
palesnow,1,False,8,0,0,0,0,0,0,0,0,0,0,1,0,0,0,1,0,0,0,0,0,0,1,0,1,1,1,0,0,1,0,0,0,1,0,0,0,0,0
dissonant deception,2,False,19,1,0,0,0,0,0,0,0,0,0,1,0,1,2,2,0,0,0,2,0,0,0,0,3,2,1,0,0,2,2,0,0,0,0,0,0,0,0
one roses,3,False,9,1,0,0,0,0,0,0,0,0,0,0,0,0,0,2,0,0,0,0,0,0,0,0,1,2,0,0,1,2,0,0,0,0,0,0,0,0,0
orbits,1,False,6,0,0,0,0,0,0,0,0,0,0,0,1,0,0,0,0,0,0,1,0,0,0,0,0,1,0,0,1,1,1,0,0,0,0,0,0,0,0
ida,2,False,3,0,0,0,0,0,0,0,0,0,0,1,0,0,1,0,0,0,0,1,0,0,0,0,0,0,0,0,0,0,0,0,0,0,0,0,0,0,0
black sheep,3,False,11,1,0,0,0,0,0,0,0,0,0,1,1,1,0,2,0,0,1,0,0,1,1,0,0,0,1,0,0,1,0,0,0,0,0,0,0,0,0
eighth dynamic,1,False,14,1,0,0,0,0,0,0,0,0,0,1,0,1,1,1,0,1,2,2,0,0,0,1,1,0,0,0,0,0,1,0,0,0,0,1,0,0,0
goethe,2,False,6,0,0,0,0,0,0,0,0,0,0,0,0,0,0,2,0,1,1,0,0,0,0,0,0,1,0,0,0,0,1,0,0,0,0,0,0,0,0
tails,3,False,5,0,0,0,0,0,0,0,0,0,0,1,0,0,0,0,0,0,0,1,0,0,1,0,0,0,0,0,0,1,1,0,0,0,0,0,0,0,0
besirup,1,False,7,0,0,0,0,0,0,0,0,0,0,0,1,0,0,1,0,0,0,1,0,0,0,0,0,0,1,0,1,1,0,1,0,0,0,0,0,0,0
sovakes,2,False,7,0,0,0,0,0,0,0,0,0,0,1,0,0,0,1,0,0,0,0,0,1,0,0,0,1,0,0,0,2,0,0,1,0,0,0,0,0,0
xaosi,3,False,5,0,0,0,0,0,0,0,0,0,0,1,0,0,0,0,0,0,0,1,0,0,0,0,0,1,0,0,0,1,0,0,0,0,1,0,0,0,0
bippr_time,1,False,10,0,0,0,0,0,0,0,0,0,0,0,1,0,0,1,0,0,0,2,0,0,0,1,0,0,2,0,1,0,1,0,0,0,0,0,0,1,0
shadowmua,2,False,9,0,0,0,0,0,0,0,0,0,0,2,0,0,1,0,0,0,1,0,0,0,0,1,0,1,0,0,0,1,0,1,0,1,0,0,0,0,0
effortless,3,True,10,0,0,0,0,0,0,0,0,0,0,0,0,0,0,2,2,0,0,0,0,0,1,0,0,1,0,0,1,2,1,0,0,0,0,0,0,0,0
father salvi,1,False,12,1,0,0,0,0,0,0,0,0,0,2,0,0,0,1,1,0,1,1,0,0,1,0,0,0,0,0,1,1,1,0,1,0,0,0,0,0,0
darkbea,2,False,7,0,0,0,0,0,0,0,0,0,0,2,1,0,1,1,0,0,0,0,0,1,0,0,0,0,0,0,1,0,0,0,0,0,0,0,0,0,0
caedrel,3,False,7,0,0,0,0,0,0,0,0,0,0,1,0,1,1,2,0,0,0,0,0,0,1,0,0,0,0,0,1,0,0,0,0,0,0,0,0,0,0
dopaminestarved,1,False,15,0,0,0,0,0,0,0,0,0,0,2,0,0,2,2,0,0,0,1,0,0,0,1,1,1,1,0,1,1,1,0,1,0,0,0,0,0,0
impu,2,False,4,0,0,0,0,0,0,0,0,0,0,0,0,0,0,0,0,0,0,1,0,0,0,1,0,0,1,0,0,0,0,1,0,0,0,0,0,0,0
veqzys,3,False,6,0,0,0,0,0,0,0,0,0,0,0,0,0,0,1,0,0,0,0,0,0,0,0,0,0,0,1,0,1,0,0,1,0,0,1,1,0,0
flakez,1,False,6,0,0,0,0,0,0,0,0,0,0,1,0,0,0,1,1,0,0,0,0,1,1,0,0,0,0,0,0,0,0,0,0,0,0,0,1,0,0
draimen,2,False,7,0,0,0,0,0,0,0,0,0,0,1,0,0,1,1,0,0,0,1,0,0,0,1,1,0,0,0,1,0,0,0,0,0,0,0,0,0,0
swordplay,3,True,9,0,0,0,0,0,0,0,0,0,0,1,0,0,1,0,0,0,0,0,0,0,1,0,0,1,1,0,1,1,0,0,0,1,0,1,0,0,0
itzinsideme,1,False,11,0,0,0,0,0,0,0,0,0,0,0,0,0,1,2,0,0,0,3,0,0,0,1,1,0,0,0,0,1,1,0,0,0,0,0,1,0,0
unkilled,2,True,8,0,0,0,0,0,0,0,0,0,0,0,0,0,1,1,0,0,0,1,0,1,2,0,1,0,0,0,0,0,0,1,0,0,0,0,0,0,0
know me,3,False,7,1,0,0,0,0,0,0,0,0,0,0,0,0,0,1,0,0,0,0,0,1,0,1,1,1,0,0,0,0,0,0,0,1,0,0,0,0,0
walvanny,1,False,8,0,0,0,0,0,0,0,0,0,0,2,0,0,0,0,0,0,0,0,0,0,1,0,2,0,0,0,0,0,0,0,1,1,0,1,0,0,0
echno,2,False,5,0,0,0,0,0,0,0,0,0,0,0,0,1,0,1,0,0,1,0,0,0,0,0,1,1,0,0,0,0,0,0,0,0,0,0,0,0,0
rift,3,True,4,0,0,0,0,0,0,0,0,0,0,0,0,0,0,0,1,0,0,1,0,0,0,0,0,0,0,0,1,0,1,0,0,0,0,0,0,0,0
parker,1,True,6,0,0,0,0,0,0,0,0,0,0,1,0,0,0,1,0,0,0,0,0,1,0,0,0,0,1,0,2,0,0,0,0,0,0,0,0,0,0
dark matter,2,False,11,1,0,0,0,0,0,0,0,0,0,2,0,0,1,1,0,0,0,0,0,1,0,1,0,0,0,0,2,0,2,0,0,0,0,0,0,0,0
zaphkiel,3,False,8,0,0,0,0,0,0,0,0,0,0,1,0,0,0,1,0,0,1,1,0,1,1,0,0,0,1,0,0,0,0,0,0,0,0,0,1,0,0
normalbass,1,False,10,0,0,0,0,0,0,0,0,0,0,2,1,0,0,0,0,0,0,0,0,0,1,1,1,1,0,0,1,2,0,0,0,0,0,0,0,0,0
pyro,2,True,4,0,0,0,0,0,0,0,0,0,0,0,0,0,0,0,0,0,0,0,0,0,0,0,0,1,1,0,1,0,0,0,0,0,0,1,0,0,0
ancestral flux,3,False,14,1,0,0,0,0,0,0,0,0,0,2,0,1,0,1,1,0,0,0,0,0,2,0,1,0,0,0,1,1,1,1,0,0,1,0,0,0,0
machico,1,False,7,0,0,0,0,0,0,0,0,0,0,1,0,2,0,0,0,0,1,1,0,0,0,1,0,1,0,0,0,0,0,0,0,0,0,0,0,0,0
snowdrift,2,True,9,0,0,0,0,0,0,0,0,0,0,0,0,0,1,0,1,0,0,1,0,0,0,0,1,1,0,0,1,1,1,0,0,1,0,0,0,0,0
iwb,3,False,3,0,0,0,0,0,0,0,0,0,0,0,1,0,0,0,0,0,0,1,0,0,0,0,0,0,0,0,0,0,0,0,0,1,0,0,0,0,0
notthelawyer,1,False,12,0,0,0,0,0,0,0,0,0,0,1,0,0,0,2,0,0,1,0,0,0,1,0,1,1,0,0,1,0,2,0,0,1,0,1,0,0,0
fresh kitchen,2,False,13,1,0,0,0,0,0,0,0,0,0,0,0,1,0,2,1,0,2,1,0,1,0,0,1,0,0,0,1,1,1,0,0,0,0,0,0,0,0
misguided,3,True,9,0,0,0,0,0,0,0,0,0,0,0,0,0,2,1,0,1,0,2,0,0,0,1,0,0,0,0,0,1,0,1,0,0,0,0,0,0,0
carneth,1,False,7,0,0,0,0,0,0,0,0,0,0,1,0,1,0,1,0,0,1,0,0,0,0,0,1,0,0,0,1,0,1,0,0,0,0,0,0,0,0
iced berry,2,False,10,1,0,0,0,0,0,0,0,0,0,0,1,1,1,2,0,0,0,1,0,0,0,0,0,0,0,0,2,0,0,0,0,0,0,1,0,0,0
blackout,3,True,8,0,0,0,0,0,0,0,0,0,0,1,1,1,0,0,0,0,0,0,0,1,1,0,0,1,0,0,0,0,1,1,0,0,0,0,0,0,0
limerence,1,False,9,0,0,0,0,0,0,0,0,0,0,0,0,1,0,3,0,0,0,1,0,0,1,1,1,0,0,0,1,0,0,0,0,0,0,0,0,0,0
zoltar,2,False,6,0,0,0,0,0,0,0,0,0,0,1,0,0,0,0,0,0,0,0,0,0,1,0,0,1,0,0,1,0,1,0,0,0,0,0,1,0,0
gawein,3,False,6,0,0,0,0,0,0,0,0,0,0,1,0,0,0,1,0,1,0,1,0,0,0,0,1,0,0,0,0,0,0,0,0,1,0,0,0,0,0
fate touched,1,False,12,1,0,0,0,0,0,0,0,0,0,1,0,1,1,2,1,0,1,0,0,0,0,0,0,1,0,0,0,0,2,1,0,0,0,0,0,0,0
wazza,2,False,5,0,0,0,0,0,0,0,0,0,0,2,0,0,0,0,0,0,0,0,0,0,0,0,0,0,0,0,0,0,0,0,0,1,0,0,2,0,0
rezet,3,False,5,0,0,0,0,0,0,0,0,0,0,0,0,0,0,2,0,0,0,0,0,0,0,0,0,0,0,0,1,0,1,0,0,0,0,0,1,0,0
king unknown,1,False,12,1,0,0,0,0,0,0,0,0,0,0,0,0,0,0,0,1,0,1,0,2,0,0,4,1,0,0,0,0,0,1,0,1,0,0,0,0,0
senka,2,False,5,0,0,0,0,0,0,0,0,0,0,1,0,0,0,1,0,0,0,0,0,1,0,0,1,0,0,0,0,1,0,0,0,0,0,0,0,0,0
warwiq,3,False,6,0,0,0,0,0,0,0,0,0,0,1,0,0,0,0,0,0,0,1,0,0,0,0,0,0,0,1,1,0,0,0,0,2,0,0,0,0,0
bush_did_haramb,1,False,15,0,0,0,0,0,0,0,0,0,0,2,2,0,2,0,0,0,2,1,0,0,0,1,0,0,0,0,1,1,0,1,0,0,0,0,0,2,0
conan,2,False,5,0,0,0,0,0,0,0,0,0,0,1,0,1,0,0,0,0,0,0,0,0,0,0,2,1,0,0,0,0,0,0,0,0,0,0,0,0,0
magicks,3,False,7,0,0,0,0,0,0,0,0,0,0,1,0,1,0,0,0,1,0,1,0,1,0,1,0,0,0,0,0,1,0,0,0,0,0,0,0,0,0
spence,1,True,6,0,0,0,0,0,0,0,0,0,0,0,0,1,0,2,0,0,0,0,0,0,0,0,1,0,1,0,0,1,0,0,0,0,0,0,0,0,0
120,2,False,3,0,1,1,1,0,0,0,0,0,0,0,0,0,0,0,0,0,0,0,0,0,0,0,0,0,0,0,0,0,0,0,0,0,0,0,0,0,0
sleepy,3,True,6,0,0,0,0,0,0,0,0,0,0,0,0,0,0,2,0,0,0,0,0,0,1,0,0,0,1,0,0,1,0,0,0,0,0,1,0,0,0
workaholics,1,False,11,0,0,0,0,0,0,0,0,0,0,1,0,1,0,0,0,0,1,1,0,1,1,0,0,2,0,0,1,1,0,0,0,1,0,0,0,0,0
hiexy,2,False,5,0,0,0,0,0,0,0,0,0,0,0,0,0,0,1,0,0,1,1,0,0,0,0,0,0,0,0,0,0,0,0,0,0,1,1,0,0,0
eevee main,3,False,10,1,0,0,0,0,0,0,0,0,0,1,0,0,0,4,0,0,0,1,0,0,0,1,1,0,0,0,0,0,0,0,1,0,0,0,0,0,0
doudii,1,False,6,0,0,0,0,0,0,0,0,0,0,0,0,0,2,0,0,0,0,2,0,0,0,0,0,1,0,0,0,0,0,1,0,0,0,0,0,0,0
dreadful,2,True,8,0,0,0,0,0,0,0,0,0,0,1,0,0,2,1,1,0,0,0,0,0,1,0,0,0,0,0,1,0,0,1,0,0,0,0,0,0,0
xyaena,3,False,6,0,0,0,0,0,0,0,0,0,0,2,0,0,0,1,0,0,0,0,0,0,0,0,1,0,0,0,0,0,0,0,0,0,1,1,0,0,0
milo,1,True,4,0,0,0,0,0,0,0,0,0,0,0,0,0,0,0,0,0,0,1,0,0,1,1,0,1,0,0,0,0,0,0,0,0,0,0,0,0,0
smitty,2,False,6,0,0,0,0,0,0,0,0,0,0,0,0,0,0,0,0,0,0,1,0,0,0,1,0,0,0,0,0,1,2,0,0,0,0,1,0,0,0
recognize,3,True,9,0,0,0,0,0,0,0,0,0,0,0,0,1,0,2,0,1,0,1,0,0,0,0,1,1,0,0,1,0,0,0,0,0,0,0,1,0,0
i kill you,1,False,10,2,0,0,0,0,0,0,0,0,0,0,0,0,0,0,0,0,0,2,0,1,2,0,0,1,0,0,0,0,0,1,0,0,0,1,0,0,0
praze,2,False,5,0,0,0,0,0,0,0,0,0,0,1,0,0,0,1,0,0,0,0,0,0,0,0,0,0,1,0,1,0,0,0,0,0,0,0,1,0,0
kyro,3,False,4,0,0,0,0,0,0,0,0,0,0,0,0,0,0,0,0,0,0,0,0,1,0,0,0,1,0,0,1,0,0,0,0,0,0,1,0,0,0
mcsingleberry,1,False,13,0,0,0,0,0,0,0,0,0,0,0,1,1,0,2,0,1,0,1,0,0,1,1,1,0,0,0,2,1,0,0,0,0,0,1,0,0,0
zoark,2,False,5,0,0,0,0,0,0,0,0,0,0,1,0,0,0,0,0,0,0,0,0,1,0,0,0,1,0,0,1,0,0,0,0,0,0,0,1,0,0
kasea,3,False,5,0,0,0,0,0,0,0,0,0,0,2,0,0,0,1,0,0,0,0,0,1,0,0,0,0,0,0,0,1,0,0,0,0,0,0,0,0,0
florrus,1,False,7,0,0,0,0,0,0,0,0,0,0,0,0,0,0,0,1,0,0,0,0,0,1,0,0,1,0,0,2,1,0,1,0,0,0,0,0,0,0
digi,2,False,4,0,0,0,0,0,0,0,0,0,0,0,0,0,1,0,0,1,0,2,0,0,0,0,0,0,0,0,0,0,0,0,0,0,0,0,0,0,0
solus,3,False,5,0,0,0,0,0,0,0,0,0,0,0,0,0,0,0,0,0,0,0,0,0,1,0,0,1,0,0,0,2,0,1,0,0,0,0,0,0,0
astralprince,1,False,12,0,0,0,0,0,0,0,0,0,0,2,0,1,0,1,0,0,0,1,0,0,1,0,1,0,1,0,2,1,1,0,0,0,0,0,0,0,0
rocksurfer,2,False,10,0,0,0,0,0,0,0,0,0,0,0,0,1,0,1,1,0,0,0,0,1,0,0,0,1,0,0,3,1,0,1,0,0,0,0,0,0,0
equinox,3,True,7,0,0,0,0,0,0,0,0,0,0,0,0,0,0,1,0,0,0,1,0,0,0,0,1,1,0,1,0,0,0,1,0,0,1,0,0,0,0
thighsarepog,1,False,12,0,0,0,0,0,0,0,0,0,0,1,0,0,0,1,0,2,2,1,0,0,0,0,0,1,1,0,1,1,1,0,0,0,0,0,0,0,0
vanha,2,False,5,0,0,0,0,0,0,0,0,0,0,2,0,0,0,0,0,0,1,0,0,0,0,0,1,0,0,0,0,0,0,0,1,0,0,0,0,0,0
zilence,3,False,7,0,0,0,0,0,0,0,0,0,0,0,0,1,0,2,0,0,0,1,0,0,1,0,1,0,0,0,0,0,0,0,0,0,0,0,1,0,0
purpledragon,1,False,12,0,0,0,0,0,0,0,0,0,0,1,0,0,1,1,0,1,0,0,0,0,1,0,1,1,2,0,2,0,0,1,0,0,0,0,0,0,0
slaydex,2,False,7,0,0,0,0,0,0,0,0,0,0,1,0,0,1,1,0,0,0,0,0,0,1,0,0,0,0,0,0,1,0,0,0,0,1,1,0,0,0
eveane,3,False,6,0,0,0,0,0,0,0,0,0,0,1,0,0,0,3,0,0,0,0,0,0,0,0,1,0,0,0,0,0,0,0,1,0,0,0,0,0,0
gumdr,1,False,5,0,0,0,0,0,0,0,0,0,0,0,0,0,1,0,0,1,0,0,0,0,0,1,0,0,0,0,1,0,0,1,0,0,0,0,0,0,0
avunie,2,False,6,0,0,0,0,0,0,0,0,0,0,1,0,0,0,1,0,0,0,1,0,0,0,0,1,0,0,0,0,0,0,1,1,0,0,0,0,0,0
mercury,3,False,7,0,0,0,0,0,0,0,0,0,0,0,0,1,0,1,0,0,0,0,0,0,0,1,0,0,0,0,2,0,0,1,0,0,0,1,0,0,0
marcopoly,1,False,9,0,0,0,0,0,0,0,0,0,0,1,0,1,0,0,0,0,0,0,0,0,1,1,0,2,1,0,1,0,0,0,0,0,0,1,0,0,0
pipe,2,True,4,0,0,0,0,0,0,0,0,0,0,0,0,0,0,1,0,0,0,1,0,0,0,0,0,0,2,0,0,0,0,0,0,0,0,0,0,0,0
yawn,3,True,4,0,0,0,0,0,0,0,0,0,0,1,0,0,0,0,0,0,0,0,0,0,0,0,1,0,0,0,0,0,0,0,0,1,0,1,0,0,0
tallywhacka,1,False,11,0,0,0,0,0,0,0,0,0,0,3,0,1,0,0,0,0,1,0,0,1,2,0,0,0,0,0,0,0,1,0,0,1,0,1,0,0,0
mickey,2,False,6,0,0,0,0,0,0,0,0,0,0,0,0,1,0,1,0,0,0,1,0,1,0,1,0,0,0,0,0,0,0,0,0,0,0,1,0,0,0
haze,3,True,4,0,0,0,0,0,0,0,0,0,0,1,0,0,0,1,0,0,1,0,0,0,0,0,0,0,0,0,0,0,0,0,0,0,0,0,1,0,0
banjax,1,False,6,0,0,0,0,0,0,0,0,0,0,2,1,0,0,0,0,0,0,0,1,0,0,0,1,0,0,0,0,0,0,0,0,0,1,0,0,0,0
kyozetsu,2,False,8,0,0,0,0,0,0,0,0,0,0,0,0,0,0,1,0,0,0,0,0,1,0,0,0,1,0,0,0,1,1,1,0,0,0,1,1,0,0
fynx,3,False,4,0,0,0,0,0,0,0,0,0,0,0,0,0,0,0,1,0,0,0,0,0,0,0,1,0,0,0,0,0,0,0,0,0,1,1,0,0,0
okami,1,False,5,0,0,0,0,0,0,0,0,0,0,1,0,0,0,0,0,0,0,1,0,1,0,1,0,1,0,0,0,0,0,0,0,0,0,0,0,0,0
vorum,2,False,5,0,0,0,0,0,0,0,0,0,0,0,0,0,0,0,0,0,0,0,0,0,0,1,0,1,0,0,1,0,0,1,1,0,0,0,0,0,0
calypse,3,False,7,0,0,0,0,0,0,0,0,0,0,1,0,1,0,1,0,0,0,0,0,0,1,0,0,0,1,0,0,1,0,0,0,0,0,1,0,0,0
hostage again,1,False,13,1,0,0,0,0,0,0,0,0,0,3,0,0,0,1,0,2,1,1,0,0,0,0,1,1,0,0,0,1,1,0,0,0,0,0,0,0,0
teddy spaghetti,2,False,15,1,0,0,0,0,0,0,0,0,0,1,0,0,2,2,0,1,1,1,0,0,0,0,0,0,1,0,0,1,3,0,0,0,0,1,0,0,0
prismatic,3,True,9,0,0,0,0,0,0,0,0,0,0,1,0,1,0,0,0,0,0,2,0,0,0,1,0,0,1,0,1,1,1,0,0,0,0,0,0,0,0
jibbyjubes,1,False,10,0,0,0,0,0,0,0,0,0,0,0,3,0,0,1,0,0,0,1,2,0,0,0,0,0,0,0,0,1,0,1,0,0,0,1,0,0,0
kuaz,2,False,4,0,0,0,0,0,0,0,0,0,0,1,0,0,0,0,0,0,0,0,0,1,0,0,0,0,0,0,0,0,0,1,0,0,0,0,1,0,0
curiosity,3,True,9,0,0,0,0,0,0,0,0,0,0,0,0,1,0,0,0,0,0,2,0,0,0,0,0,1,0,0,1,1,1,1,0,0,0,1,0,0,0
mr jupp,1,False,7,1,0,0,0,0,0,0,0,0,0,0,0,0,0,0,0,0,0,0,1,0,0,1,0,0,2,0,1,0,0,1,0,0,0,0,0,0,0
assisted,2,False,8,0,0,0,0,0,0,0,0,0,0,1,0,0,1,1,0,0,0,1,0,0,0,0,0,0,0,0,0,3,1,0,0,0,0,0,0,0,0
and again,3,False,9,1,0,0,0,0,0,0,0,0,0,3,0,0,1,0,0,1,0,1,0,0,0,0,2,0,0,0,0,0,0,0,0,0,0,0,0,0,0
mharad,1,False,6,0,0,0,0,0,0,0,0,0,0,2,0,0,1,0,0,0,1,0,0,0,0,1,0,0,0,0,1,0,0,0,0,0,0,0,0,0,0
wizey,2,False,5,0,0,0,0,0,0,0,0,0,0,0,0,0,0,1,0,0,0,1,0,0,0,0,0,0,0,0,0,0,0,0,0,1,0,1,1,0,0
loric,3,True,5,0,0,0,0,0,0,0,0,0,0,0,0,1,0,0,0,0,0,1,0,0,1,0,0,1,0,0,1,0,0,0,0,0,0,0,0,0,0
thatoneklutz,1,False,12,0,0,0,0,0,0,0,0,0,0,1,0,0,0,1,0,0,1,0,0,1,1,0,1,1,0,0,0,0,3,1,0,0,0,0,1,0,0
cookie case,2,False,11,1,0,0,0,0,0,0,0,0,0,1,0,2,0,2,0,0,0,1,0,1,0,0,0,2,0,0,0,1,0,0,0,0,0,0,0,0,0
vanquish,3,True,8,0,0,0,0,0,0,0,0,0,0,1,0,0,0,0,0,0,1,1,0,0,0,0,1,0,0,1,0,1,0,1,1,0,0,0,0,0,0
sd1sbltz,1,False,8,0,0,1,0,0,0,0,0,0,0,0,1,0,1,0,0,0,0,0,0,0,1,0,0,0,0,0,0,2,1,0,0,0,0,0,1,0,0
never lucky,2,False,11,1,0,0,0,0,0,0,0,0,0,0,0,1,0,2,0,0,0,0,0,1,1,0,1,0,0,0,1,0,0,1,1,0,0,1,0,0,0
ashes of dreams,3,False,15,2,0,0,0,0,0,0,0,0,0,2,0,0,1,2,1,0,1,0,0,0,0,1,0,1,0,0,1,3,0,0,0,0,0,0,0,0,0
perrytheplatypus,1,False,16,0,0,0,0,0,0,0,0,0,0,1,0,0,0,2,0,0,1,0,0,0,1,0,0,0,3,0,2,1,2,1,0,0,0,2,0,0,0
in doubt,2,False,8,1,0,0,0,0,0,0,0,0,0,0,1,0,1,0,0,0,0,1,0,0,0,0,1,1,0,0,0,0,1,1,0,0,0,0,0,0,0
kusara,3,False,6,0,0,0,0,0,0,0,0,0,0,2,0,0,0,0,0,0,0,0,0,1,0,0,0,0,0,0,1,1,0,1,0,0,0,0,0,0,0
horbank,1,False,7,0,0,0,0,0,0,0,0,0,0,1,1,0,0,0,0,0,1,0,0,1,0,0,1,1,0,0,1,0,0,0,0,0,0,0,0,0,0
poxavio,2,False,7,0,0,0,0,0,0,0,0,0,0,1,0,0,0,0,0,0,0,1,0,0,0,0,0,2,1,0,0,0,0,0,1,0,1,0,0,0,0
valetide,3,False,8,0,0,0,0,0,0,0,0,0,0,1,0,0,1,2,0,0,0,1,0,0,1,0,0,0,0,0,0,0,1,0,1,0,0,0,0,0,0
pachi,1,False,5,0,0,0,0,0,0,0,0,0,0,1,0,1,0,0,0,0,1,1,0,0,0,0,0,0,1,0,0,0,0,0,0,0,0,0,0,0,0
saphi,2,False,5,0,0,0,0,0,0,0,0,0,0,1,0,0,0,0,0,0,1,1,0,0,0,0,0,0,1,0,0,1,0,0,0,0,0,0,0,0,0
mirage,3,True,6,0,0,0,0,0,0,0,0,0,0,1,0,0,0,1,0,1,0,1,0,0,0,1,0,0,0,0,1,0,0,0,0,0,0,0,0,0,0
joosbox,1,False,7,0,0,0,0,0,0,0,0,0,0,0,1,0,0,0,0,0,0,0,1,0,0,0,0,3,0,0,0,1,0,0,0,0,1,0,0,0,0
wolven,2,False,6,0,0,0,0,0,0,0,0,0,0,0,0,0,0,1,0,0,0,0,0,0,1,0,1,1,0,0,0,0,0,0,1,1,0,0,0,0,0
raven,3,True,5,0,0,0,0,0,0,0,0,0,0,1,0,0,0,1,0,0,0,0,0,0,0,0,1,0,0,0,1,0,0,0,1,0,0,0,0,0,0
scinichirosano,1,False,14,0,0,0,0,0,0,0,0,0,0,1,0,2,0,0,0,0,1,3,0,0,0,0,2,2,0,0,1,2,0,0,0,0,0,0,0,0,0
ten letters,2,False,11,1,0,0,0,0,0,0,0,0,0,0,0,0,0,3,0,0,0,0,0,0,1,0,1,0,0,0,1,1,3,0,0,0,0,0,0,0,0
cake,3,True,4,0,0,0,0,0,0,0,0,0,0,1,0,1,0,1,0,0,0,0,0,1,0,0,0,0,0,0,0,0,0,0,0,0,0,0,0,0,0
kevsuma,1,False,7,0,0,0,0,0,0,0,0,0,0,1,0,0,0,1,0,0,0,0,0,1,0,1,0,0,0,0,0,1,0,1,1,0,0,0,0,0,0
procxy,2,False,6,0,0,0,0,0,0,0,0,0,0,0,0,1,0,0,0,0,0,0,0,0,0,0,0,1,1,0,1,0,0,0,0,0,1,1,0,0,0
kindred,3,True,7,0,0,0,0,0,0,0,0,0,0,0,0,0,2,1,0,0,0,1,0,1,0,0,1,0,0,0,1,0,0,0,0,0,0,0,0,0,0
wheatreaper,1,False,11,0,0,0,0,0,0,0,0,0,0,2,0,0,0,3,0,0,1,0,0,0,0,0,0,0,1,0,2,0,1,0,0,1,0,0,0,0,0
conspiracy,2,True,10,0,0,0,0,0,0,0,0,0,0,1,0,2,0,0,0,0,0,1,0,0,0,0,1,1,1,0,1,1,0,0,0,0,0,1,0,0,0
avarice,3,True,7,0,0,0,0,0,0,0,0,0,0,2,0,1,0,1,0,0,0,1,0,0,0,0,0,0,0,0,1,0,0,0,1,0,0,0,0,0,0
joan,1,False,4,0,0,0,0,0,0,0,0,0,0,1,0,0,0,0,0,0,0,0,1,0,0,0,1,1,0,0,0,0,0,0,0,0,0,0,0,0,0
edva,2,False,4,0,0,0,0,0,0,0,0,0,0,1,0,0,1,1,0,0,0,0,0,0,0,0,0,0,0,0,0,0,0,0,1,0,0,0,0,0,0
captea,1,False,6,0,0,0,0,0,0,0,0,0,0,2,0,1,0,1,0,0,0,0,0,0,0,0,0,0,1,0,0,0,1,0,0,0,0,0,0,0,0
tezza,2,False,5,0,0,0,0,0,0,0,0,0,0,1,0,0,0,1,0,0,0,0,0,0,0,0,0,0,0,0,0,0,1,0,0,0,0,0,2,0,0
wargros,1,False,7,0,0,0,0,0,0,0,0,0,0,1,0,0,0,0,0,1,0,0,0,0,0,0,0,1,0,0,2,1,0,0,0,1,0,0,0,0,0
lucidfy,2,False,7,0,0,0,0,0,0,0,0,0,0,0,0,1,1,0,1,0,0,1,0,0,1,0,0,0,0,0,0,0,0,1,0,0,0,1,0,0,0
rigs,1,False,4,0,0,0,0,0,0,0,0,0,0,0,0,0,0,0,0,1,0,1,0,0,0,0,0,0,0,0,1,1,0,0,0,0,0,0,0,0,0
refast,2,False,6,0,0,0,0,0,0,0,0,0,0,1,0,0,0,1,1,0,0,0,0,0,0,0,0,0,0,0,1,1,1,0,0,0,0,0,0,0,0
flynch,1,False,6,0,0,0,0,0,0,0,0,0,0,0,0,1,0,0,1,0,1,0,0,0,1,0,1,0,0,0,0,0,0,0,0,0,0,1,0,0,0
snapewolf,2,False,9,0,0,0,0,0,0,0,0,0,0,1,0,0,0,1,1,0,0,0,0,0,1,0,1,1,1,0,0,1,0,0,0,1,0,0,0,0,0
cinemod,1,False,7,0,0,0,0,0,0,0,0,0,0,0,0,1,1,1,0,0,0,1,0,0,0,1,1,1,0,0,0,0,0,0,0,0,0,0,0,0,0
belf,2,False,4,0,0,0,0,0,0,0,0,0,0,0,1,0,0,1,1,0,0,0,0,0,1,0,0,0,0,0,0,0,0,0,0,0,0,0,0,0,0
legham,1,False,6,0,0,0,0,0,0,0,0,0,0,1,0,0,0,1,0,1,1,0,0,0,1,1,0,0,0,0,0,0,0,0,0,0,0,0,0,0,0
windu,2,False,5,0,0,0,0,0,0,0,0,0,0,0,0,0,1,0,0,0,0,1,0,0,0,0,1,0,0,0,0,0,0,1,0,1,0,0,0,0,0
taxeroni,1,False,8,0,0,0,0,0,0,0,0,0,0,1,0,0,0,1,0,0,0,1,0,0,0,0,1,1,0,0,1,0,1,0,0,0,1,0,0,0,0
pulsar,2,False,6,0,0,0,0,0,0,0,0,0,0,1,0,0,0,0,0,0,0,0,0,0,1,0,0,0,1,0,1,1,0,1,0,0,0,0,0,0,0
gilmankid,1,False,9,0,0,0,0,0,0,0,0,0,0,1,0,0,1,0,0,1,0,2,0,1,1,1,1,0,0,0,0,0,0,0,0,0,0,0,0,0,0
torrid,2,True,6,0,0,0,0,0,0,0,0,0,0,0,0,0,1,0,0,0,0,1,0,0,0,0,0,1,0,0,2,0,1,0,0,0,0,0,0,0,0
paboch,1,False,6,0,0,0,0,0,0,0,0,0,0,1,1,1,0,0,0,0,1,0,0,0,0,0,0,1,1,0,0,0,0,0,0,0,0,0,0,0,0
cwl,2,False,3,0,0,0,0,0,0,0,0,0,0,0,0,1,0,0,0,0,0,0,0,0,1,0,0,0,0,0,0,0,0,0,0,1,0,0,0,0,0
sprambo,1,False,7,0,0,0,0,0,0,0,0,0,0,1,1,0,0,0,0,0,0,0,0,0,0,1,0,1,1,0,1,1,0,0,0,0,0,0,0,0,0
black lunar,2,False,11,1,0,0,0,0,0,0,0,0,0,2,1,1,0,0,0,0,0,0,0,1,2,0,1,0,0,0,1,0,0,1,0,0,0,0,0,0,0
cyromaniac,1,False,10,0,0,0,0,0,0,0,0,0,0,2,0,2,0,0,0,0,0,1,0,0,0,1,1,1,0,0,1,0,0,0,0,0,0,1,0,0,0
nymeros,2,False,7,0,0,0,0,0,0,0,0,0,0,0,0,0,0,1,0,0,0,0,0,0,0,1,1,1,0,0,1,1,0,0,0,0,0,1,0,0,0
slowcrawl,1,False,9,0,0,0,0,0,0,0,0,0,0,1,0,1,0,0,0,0,0,0,0,0,2,0,0,1,0,0,1,1,0,0,0,2,0,0,0,0,0
laterns,2,False,7,0,0,0,0,0,0,0,0,0,0,1,0,0,0,1,0,0,0,0,0,0,1,0,1,0,0,0,1,1,1,0,0,0,0,0,0,0,0
derdijok,1,False,8,0,0,0,0,0,0,0,0,0,0,0,0,0,2,1,0,0,0,1,1,1,0,0,0,1,0,0,1,0,0,0,0,0,0,0,0,0,0
skynet,2,False,6,0,0,0,0,0,0,0,0,0,0,0,0,0,0,1,0,0,0,0,0,1,0,0,1,0,0,0,0,1,1,0,0,0,0,1,0,0,0
mini mejais,1,False,11,1,0,0,0,0,0,0,0,0,0,1,0,0,0,1,0,0,0,3,1,0,0,2,1,0,0,0,0,1,0,0,0,0,0,0,0,0,0
zanty,2,False,5,0,0,0,0,0,0,0,0,0,0,1,0,0,0,0,0,0,0,0,0,0,0,0,1,0,0,0,0,0,1,0,0,0,0,1,1,0,0
yuubee,1,False,6,0,0,0,0,0,0,0,0,0,0,0,1,0,0,2,0,0,0,0,0,0,0,0,0,0,0,0,0,0,0,2,0,0,0,1,0,0,0
rianjin,2,False,7,0,0,0,0,0,0,0,0,0,0,1,0,0,0,0,0,0,0,2,1,0,0,0,2,0,0,0,1,0,0,0,0,0,0,0,0,0,0
jaelucard,1,False,9,0,0,0,0,0,0,0,0,0,0,2,0,1,1,1,0,0,0,0,1,0,1,0,0,0,0,0,1,0,0,1,0,0,0,0,0,0,0
lav,2,False,3,0,0,0,0,0,0,0,0,0,0,1,0,0,0,0,0,0,0,0,0,0,1,0,0,0,0,0,0,0,0,0,1,0,0,0,0,0,0
digi tamer,1,False,10,1,0,0,0,0,0,0,0,0,0,1,0,0,1,1,0,1,0,2,0,0,0,1,0,0,0,0,1,0,1,0,0,0,0,0,0,0,0
vsper,2,False,5,0,0,0,0,0,0,0,0,0,0,0,0,0,0,1,0,0,0,0,0,0,0,0,0,0,1,0,1,1,0,0,1,0,0,0,0,0,0
riasgremoyy,1,False,11,0,0,0,0,0,0,0,0,0,0,1,0,0,0,1,0,1,0,1,0,0,0,1,0,1,0,0,2,1,0,0,0,0,0,2,0,0,0
icealarm,2,False,8,0,0,0,0,0,0,0,0,0,0,2,0,1,0,1,0,0,0,1,0,0,1,1,0,0,0,0,1,0,0,0,0,0,0,0,0,0,0
rewmi,1,False,5,0,0,0,0,0,0,0,0,0,0,0,0,0,0,1,0,0,0,1,0,0,0,1,0,0,0,0,1,0,0,0,0,1,0,0,0,0,0
sindrastic,2,False,10,0,0,0,0,0,0,0,0,0,0,1,0,1,1,0,0,0,0,2,0,0,0,0,1,0,0,0,1,2,1,0,0,0,0,0,0,0,0
dekcol,1,False,6,0,0,0,0,0,0,0,0,0,0,0,0,1,1,1,0,0,0,0,0,1,1,0,0,1,0,0,0,0,0,0,0,0,0,0,0,0,0
tekkis,2,False,6,0,0,0,0,0,0,0,0,0,0,0,0,0,0,1,0,0,0,1,0,2,0,0,0,0,0,0,0,1,1,0,0,0,0,0,0,0,0
fatcamelssalesman,1,False,17,0,0,0,0,0,0,0,0,0,0,4,0,1,0,2,1,0,0,0,0,0,2,2,1,0,0,0,0,3,1,0,0,0,0,0,0,0,0
diyuki,2,False,6,0,0,0,0,0,0,0,0,0,0,0,0,0,1,0,0,0,0,2,0,1,0,0,0,0,0,0,0,0,0,1,0,0,0,1,0,0,0
liluglimane,1,False,11,0,0,0,0,0,0,0,0,0,0,1,0,0,0,1,0,1,0,2,0,0,3,1,1,0,0,0,0,0,0,1,0,0,0,0,0,0,0
carthalion,2,False,10,0,0,0,0,0,0,0,0,0,0,2,0,1,0,0,0,0,1,1,0,0,1,0,1,1,0,0,1,0,1,0,0,0,0,0,0,0,0
ningenlevel,1,False,11,0,0,0,0,0,0,0,0,0,0,0,0,0,0,3,0,1,0,1,0,0,2,0,3,0,0,0,0,0,0,0,1,0,0,0,0,0,0
chryses,2,False,7,0,0,0,0,0,0,0,0,0,0,0,0,1,0,1,0,0,1,0,0,0,0,0,0,0,0,0,1,2,0,0,0,0,0,1,0,0,0
hjeong,1,False,6,0,0,0,0,0,0,0,0,0,0,0,0,0,0,1,0,1,1,0,1,0,0,0,1,1,0,0,0,0,0,0,0,0,0,0,0,0,0
rei,2,False,3,0,0,0,0,0,0,0,0,0,0,0,0,0,0,1,0,0,0,1,0,0,0,0,0,0,0,0,1,0,0,0,0,0,0,0,0,0,0
dozer,1,True,5,0,0,0,0,0,0,0,0,0,0,0,0,0,1,1,0,0,0,0,0,0,0,0,0,1,0,0,1,0,0,0,0,0,0,0,1,0,0
watts,2,False,5,0,0,0,0,0,0,0,0,0,0,1,0,0,0,0,0,0,0,0,0,0,0,0,0,0,0,0,0,1,2,0,0,1,0,0,0,0,0
thellamasrevenge,1,False,16,0,0,0,0,0,0,0,0,0,0,2,0,0,0,4,0,1,1,0,0,0,2,1,1,0,0,0,1,1,1,0,1,0,0,0,0,0,0
potato,2,True,6,0,0,0,0,0,0,0,0,0,0,1,0,0,0,0,0,0,0,0,0,0,0,0,0,2,1,0,0,0,2,0,0,0,0,0,0,0,0
fntlps,1,False,6,0,0,0,0,0,0,0,0,0,0,0,0,0,0,0,1,0,0,0,0,0,1,0,1,0,1,0,0,1,1,0,0,0,0,0,0,0,0
xiumin,2,False,6,0,0,0,0,0,0,0,0,0,0,0,0,0,0,0,0,0,0,2,0,0,0,1,1,0,0,0,0,0,0,1,0,0,1,0,0,0,0
bearawr,1,False,7,0,0,0,0,0,0,0,0,0,0,2,1,0,0,1,0,0,0,0,0,0,0,0,0,0,0,0,2,0,0,0,0,1,0,0,0,0,0
luckism,2,False,7,0,0,0,0,0,0,0,0,0,0,0,0,1,0,0,0,0,0,1,0,1,1,1,0,0,0,0,0,1,0,1,0,0,0,0,0,0,0
youha,1,False,5,0,0,0,0,0,0,0,0,0,0,1,0,0,0,0,0,0,1,0,0,0,0,0,0,1,0,0,0,0,0,1,0,0,0,1,0,0,0
toon stardust,2,False,13,1,0,0,0,0,0,0,0,0,0,1,0,0,1,0,0,0,0,0,0,0,0,0,1,2,0,0,1,2,3,1,0,0,0,0,0,0,0
treesdead,1,False,9,0,0,0,0,0,0,0,0,0,0,1,0,0,2,3,0,0,0,0,0,0,0,0,0,0,0,0,1,1,1,0,0,0,0,0,0,0,0
replica,2,True,7,0,0,0,0,0,0,0,0,0,0,1,0,1,0,1,0,0,0,1,0,0,1,0,0,0,1,0,1,0,0,0,0,0,0,0,0,0,0
zizkzackin,1,False,10,0,0,0,0,0,0,0,0,0,0,1,0,1,0,0,0,0,0,2,0,2,0,0,1,0,0,0,0,0,0,0,0,0,0,0,3,0,0
imprisoned,2,False,10,0,0,0,0,0,0,0,0,0,0,0,0,0,1,1,0,0,0,2,0,0,0,1,1,1,1,0,1,1,0,0,0,0,0,0,0,0,0
underwhelm,1,False,10,0,0,0,0,0,0,0,0,0,0,0,0,0,1,2,0,0,1,0,0,0,1,1,1,0,0,0,1,0,0,1,0,1,0,0,0,0,0
pylas,2,False,5,0,0,0,0,0,0,0,0,0,0,1,0,0,0,0,0,0,0,0,0,0,1,0,0,0,1,0,0,1,0,0,0,0,0,1,0,0,0
spooky moonie,1,False,13,1,0,0,0,0,0,0,0,0,0,0,0,0,0,1,0,0,0,1,0,1,0,1,1,4,1,0,0,1,0,0,0,0,0,1,0,0,0
aphilic,2,False,7,0,0,0,0,0,0,0,0,0,0,1,0,1,0,0,0,0,1,2,0,0,1,0,0,0,1,0,0,0,0,0,0,0,0,0,0,0,0
tokuzumei,1,False,9,0,0,0,0,0,0,0,0,0,0,0,0,0,0,1,0,0,0,1,0,1,0,1,0,1,0,0,0,0,1,2,0,0,0,0,1,0,0
suicine,2,False,7,0,0,0,0,0,0,0,0,0,0,0,0,1,0,1,0,0,0,2,0,0,0,0,1,0,0,0,0,1,0,1,0,0,0,0,0,0,0
papsta,1,False,6,0,0,0,0,0,0,0,0,0,0,2,0,0,0,0,0,0,0,0,0,0,0,0,0,0,2,0,0,1,1,0,0,0,0,0,0,0,0
sunfish,2,True,7,0,0,0,0,0,0,0,0,0,0,0,0,0,0,0,1,0,1,1,0,0,0,0,1,0,0,0,0,2,0,1,0,0,0,0,0,0,0
pawson,1,False,6,0,0,0,0,0,0,0,0,0,0,1,0,0,0,0,0,0,0,0,0,0,0,0,1,1,1,0,0,1,0,0,0,1,0,0,0,0,0
dax,2,False,3,0,0,0,0,0,0,0,0,0,0,1,0,0,1,0,0,0,0,0,0,0,0,0,0,0,0,0,0,0,0,0,0,0,1,0,0,0,0
vexatious,1,True,9,0,0,0,0,0,0,0,0,0,0,1,0,0,0,1,0,0,0,1,0,0,0,0,0,1,0,0,0,1,1,1,1,0,1,0,0,0,0
deathsangel,2,False,11,0,0,0,0,0,0,0,0,0,0,2,0,0,1,2,0,1,1,0,0,0,1,0,1,0,0,0,0,1,1,0,0,0,0,0,0,0,0
argn,1,False,4,0,0,0,0,0,0,0,0,0,0,1,0,0,0,0,0,1,0,0,0,0,0,0,1,0,0,0,1,0,0,0,0,0,0,0,0,0,0
dune,2,True,4,0,0,0,0,0,0,0,0,0,0,0,0,0,1,1,0,0,0,0,0,0,0,0,1,0,0,0,0,0,0,1,0,0,0,0,0,0,0
joseppp,1,False,7,0,0,0,0,0,0,0,0,0,0,0,0,0,0,1,0,0,0,0,1,0,0,0,0,1,3,0,0,1,0,0,0,0,0,0,0,0,0
nintega,2,False,7,0,0,0,0,0,0,0,0,0,0,1,0,0,0,1,0,1,0,1,0,0,0,0,2,0,0,0,0,0,1,0,0,0,0,0,0,0,0
lodestar,1,True,8,0,0,0,0,0,0,0,0,0,0,1,0,0,1,1,0,0,0,0,0,0,1,0,0,1,0,0,1,1,1,0,0,0,0,0,0,0,0
vortex,2,True,6,0,0,0,0,0,0,0,0,0,0,0,0,0,0,1,0,0,0,0,0,0,0,0,0,1,0,0,1,0,1,0,1,0,1,0,0,0,0
the homie,1,False,9,1,0,0,0,0,0,0,0,0,0,0,0,0,0,2,0,0,2,1,0,0,0,1,0,1,0,0,0,0,1,0,0,0,0,0,0,0,0
zeked,2,False,5,0,0,0,0,0,0,0,0,0,0,0,0,0,1,2,0,0,0,0,0,1,0,0,0,0,0,0,0,0,0,0,0,0,0,0,1,0,0
endoctryn,1,False,9,0,0,0,0,0,0,0,0,0,0,0,0,1,1,1,0,0,0,0,0,0,0,0,2,1,0,0,1,0,1,0,0,0,0,1,0,0,0
spellweaves,2,False,11,0,0,0,0,0,0,0,0,0,0,1,0,0,0,3,0,0,0,0,0,0,2,0,0,0,1,0,0,2,0,0,1,1,0,0,0,0,0
smilyou,1,False,7,0,0,0,0,0,0,0,0,0,0,0,0,0,0,0,0,0,0,1,0,0,1,1,0,1,0,0,0,1,0,1,0,0,0,1,0,0,0
raydare,2,False,7,0,0,0,0,0,0,0,0,0,0,2,0,0,1,1,0,0,0,0,0,0,0,0,0,0,0,0,2,0,0,0,0,0,0,1,0,0,0
nongloriofero,1,False,13,0,0,0,0,0,0,0,0,0,0,0,0,0,0,1,1,1,0,1,0,0,1,0,2,4,0,0,2,0,0,0,0,0,0,0,0,0,0
crow,2,True,4,0,0,0,0,0,0,0,0,0,0,0,0,1,0,0,0,0,0,0,0,0,0,0,0,1,0,0,1,0,0,0,0,1,0,0,0,0,0
pronjub,1,False,7,0,0,0,0,0,0,0,0,0,0,0,1,0,0,0,0,0,0,0,1,0,0,0,1,1,1,0,1,0,0,1,0,0,0,0,0,0,0
krios,2,False,5,0,0,0,0,0,0,0,0,0,0,0,0,0,0,0,0,0,0,1,0,1,0,0,0,1,0,0,1,1,0,0,0,0,0,0,0,0,0
skrotumkicker56,1,False,15,0,0,0,0,0,0,1,1,0,0,0,0,1,0,1,0,0,0,1,0,3,0,1,0,1,0,0,2,1,1,1,0,0,0,0,0,0,0
dryclouds,2,False,9,0,0,0,0,0,0,0,0,0,0,0,0,1,2,0,0,0,0,0,0,0,1,0,0,1,0,0,1,1,0,1,0,0,0,1,0,0,0
say what,1,False,8,1,0,0,0,0,0,0,0,0,0,2,0,0,0,0,0,0,1,0,0,0,0,0,0,0,0,0,0,1,1,0,0,1,0,1,0,0,0
upryse,2,False,6,0,0,0,0,0,0,0,0,0,0,0,0,0,0,1,0,0,0,0,0,0,0,0,0,0,1,0,1,1,0,1,0,0,0,1,0,0,0
vret,1,False,4,0,0,0,0,0,0,0,0,0,0,0,0,0,0,1,0,0,0,0,0,0,0,0,0,0,0,0,1,0,1,0,1,0,0,0,0,0,0
liax,2,False,4,0,0,0,0,0,0,0,0,0,0,1,0,0,0,0,0,0,0,1,0,0,1,0,0,0,0,0,0,0,0,0,0,0,1,0,0,0,0
wall of flames,1,False,14,2,0,0,0,0,0,0,0,0,0,2,0,0,0,1,2,0,0,0,0,0,3,1,0,1,0,0,0,1,0,0,0,1,0,0,0,0,0
degen,2,False,5,0,0,0,0,0,0,0,0,0,0,0,0,0,1,2,0,1,0,0,0,0,0,0,1,0,0,0,0,0,0,0,0,0,0,0,0,0,0
llamahawk,1,False,9,0,0,0,0,0,0,0,0,0,0,3,0,0,0,0,0,0,1,0,0,1,2,1,0,0,0,0,0,0,0,0,0,1,0,0,0,0,0
wozz,2,False,4,0,0,0,0,0,0,0,0,0,0,0,0,0,0,0,0,0,0,0,0,0,0,0,0,1,0,0,0,0,0,0,0,1,0,0,2,0,0
trashgul,1,False,8,0,0,0,0,0,0,0,0,0,0,1,0,0,0,0,0,1,1,0,0,0,1,0,0,0,0,0,1,1,1,1,0,0,0,0,0,0,0
boombaboompow,1,False,13,0,0,0,0,0,0,0,0,0,0,1,3,0,0,0,0,0,0,0,0,0,0,2,0,5,1,0,0,0,0,0,0,1,0,0,0,0,0
cheller,1,False,7,0,0,0,0,0,0,0,0,0,0,0,0,1,0,2,0,0,1,0,0,0,2,0,0,0,0,0,1,0,0,0,0,0,0,0,0,0,0
tauntflash,1,False,10,0,0,0,0,0,0,0,0,0,0,2,0,0,0,0,1,0,1,0,0,0,1,0,1,0,0,0,0,1,2,1,0,0,0,0,0,0,0
russell lee,1,False,11,1,0,0,0,0,0,0,0,0,0,0,0,0,0,3,0,0,0,0,0,0,3,0,0,0,0,0,1,2,0,1,0,0,0,0,0,0,0
chiyohusband,1,False,12,0,0,0,0,0,0,0,0,0,0,1,1,1,1,0,0,0,2,1,0,0,0,0,1,1,0,0,0,1,0,1,0,0,0,1,0,0,0
yajanna,1,False,7,0,0,0,0,0,0,0,0,0,0,3,0,0,0,0,0,0,0,0,1,0,0,0,2,0,0,0,0,0,0,0,0,0,0,1,0,0,0
luckykill,1,False,9,0,0,0,0,0,0,0,0,0,0,0,0,1,0,0,0,0,0,1,0,2,3,0,0,0,0,0,0,0,0,1,0,0,0,1,0,0,0
spencefence,1,False,11,0,0,0,0,0,0,0,0,0,0,0,0,2,0,4,1,0,0,0,0,0,0,0,2,0,1,0,0,1,0,0,0,0,0,0,0,0,0
femboy breeder,1,False,14,1,0,0,0,0,0,0,0,0,0,0,2,0,1,4,1,0,0,0,0,0,0,1,0,1,0,0,2,0,0,0,0,0,0,1,0,0,0
tecrammus,1,False,9,0,0,0,0,0,0,0,0,0,0,1,0,1,0,1,0,0,0,0,0,0,0,2,0,0,0,0,1,1,1,1,0,0,0,0,0,0,0
morsmetus,1,False,9,0,0,0,0,0,0,0,0,0,0,0,0,0,0,1,0,0,0,0,0,0,0,2,0,1,0,0,1,2,1,1,0,0,0,0,0,0,0
suci,1,False,4,0,0,0,0,0,0,0,0,0,0,0,0,1,0,0,0,0,0,1,0,0,0,0,0,0,0,0,0,1,0,1,0,0,0,0,0,0,0
wadkawhuddyaai,1,False,14,0,0,0,0,0,0,0,0,0,0,4,0,0,3,0,0,0,1,1,0,1,0,0,0,0,0,0,0,0,0,1,0,2,0,1,0,0,0
nuggywumpus,1,False,11,0,0,0,0,0,0,0,0,0,0,0,0,0,0,0,0,2,0,0,0,0,0,1,1,0,1,0,0,1,0,3,0,1,0,1,0,0,0
eaps,1,False,4,0,0,0,0,0,0,0,0,0,0,1,0,0,0,1,0,0,0,0,0,0,0,0,0,0,1,0,0,1,0,0,0,0,0,0,0,0,0
amyam,1,False,5,0,0,0,0,0,0,0,0,0,0,2,0,0,0,0,0,0,0,0,0,0,0,2,0,0,0,0,0,0,0,0,0,0,0,1,0,0,0
veluzed,1,False,7,0,0,0,0,0,0,0,0,0,0,0,0,0,1,2,0,0,0,0,0,0,1,0,0,0,0,0,0,0,0,1,1,0,0,0,1,0,0
freckless,1,False,9,0,0,0,0,0,0,0,0,0,0,0,0,1,0,2,1,0,0,0,0,1,1,0,0,0,0,0,1,2,0,0,0,0,0,0,0,0,0
doob,1,True,4,0,0,0,0,0,0,0,0,0,0,0,1,0,1,0,0,0,0,0,0,0,0,0,0,2,0,0,0,0,0,0,0,0,0,0,0,0,0
kwow,1,False,4,0,0,0,0,0,0,0,0,0,0,0,0,0,0,0,0,0,0,0,0,1,0,0,0,1,0,0,0,0,0,0,0,2,0,0,0,0,0
feedragerepeat,1,False,14,0,0,0,0,0,0,0,0,0,0,2,0,0,1,5,1,1,0,0,0,0,0,0,0,0,1,0,2,0,1,0,0,0,0,0,0,0,0
pauliesarto,1,False,11,0,0,0,0,0,0,0,0,0,0,2,0,0,0,1,0,0,0,1,0,0,1,0,0,1,1,0,1,1,1,1,0,0,0,0,0,0,0
pepethefirst,1,False,12,0,0,0,0,0,0,0,0,0,0,0,0,0,0,3,1,0,1,1,0,0,0,0,0,0,2,0,1,1,2,0,0,0,0,0,0,0,0
thumbreon,1,False,9,0,0,0,0,0,0,0,0,0,0,0,1,0,0,1,0,0,1,0,0,0,0,1,1,1,0,0,1,0,1,1,0,0,0,0,0,0,0
silvertongue,1,False,12,0,0,0,0,0,0,0,0,0,0,0,0,0,0,2,0,1,0,1,0,0,1,0,1,1,0,0,1,1,1,1,1,0,0,0,0,0,0
imdeadmanplz,1,False,12,0,0,0,0,0,0,0,0,0,0,2,0,0,2,1,0,0,0,1,0,0,1,2,1,0,1,0,0,0,0,0,0,0,0,0,1,0,0
mangon,1,False,6,0,0,0,0,0,0,0,0,0,0,1,0,0,0,0,0,1,0,0,0,0,0,1,2,1,0,0,0,0,0,0,0,0,0,0,0,0,0
arnistoteles,1,False,12,0,0,0,0,0,0,0,0,0,0,1,0,0,0,2,0,0,0,1,0,0,1,0,1,1,0,0,1,2,2,0,0,0,0,0,0,0,0
tokay,1,True,5,0,0,0,0,0,0,0,0,0,0,1,0,0,0,0,0,0,0,0,0,1,0,0,0,1,0,0,0,0,1,0,0,0,0,1,0,0,0
katsuji,1,False,7,0,0,0,0,0,0,0,0,0,0,1,0,0,0,0,0,0,0,1,1,1,0,0,0,0,0,0,0,1,1,1,0,0,0,0,0,0,0
itsuniquecorn,1,False,13,0,0,0,0,0,0,0,0,0,0,0,0,1,0,1,0,0,0,2,0,0,0,0,2,1,0,1,1,1,1,2,0,0,0,0,0,0,0
chackarou,1,False,9,0,0,0,0,0,0,0,0,0,0,2,0,2,0,0,0,0,1,0,0,1,0,0,0,1,0,0,1,0,0,1,0,0,0,0,0,0,0
redhairjake,1,False,11,0,0,0,0,0,0,0,0,0,0,2,0,0,1,2,0,0,1,1,1,1,0,0,0,0,0,0,2,0,0,0,0,0,0,0,0,0,0
sofistaweeb,1,False,11,0,0,0,0,0,0,0,0,0,0,1,1,0,0,2,1,0,0,1,0,0,0,0,0,1,0,0,0,2,1,0,0,1,0,0,0,0,0
mezzo,1,True,5,0,0,0,0,0,0,0,0,0,0,0,0,0,0,1,0,0,0,0,0,0,0,1,0,1,0,0,0,0,0,0,0,0,0,0,2,0,0
fatkidchasingelo,1,False,16,0,0,0,0,0,0,0,0,0,0,2,0,1,1,1,1,1,1,2,0,1,1,0,1,1,0,0,0,1,1,0,0,0,0,0,0,0,0
afroninja,1,False,9,0,0,0,0,0,0,0,0,0,0,2,0,0,0,0,1,0,0,1,1,0,0,0,2,1,0,0,1,0,0,0,0,0,0,0,0,0,0
infinimz,1,False,8,0,0,0,0,0,0,0,0,0,0,0,0,0,0,0,1,0,0,3,0,0,0,1,2,0,0,0,0,0,0,0,0,0,0,0,1,0,0
sickthink,1,False,9,0,0,0,0,0,0,0,0,0,0,0,0,1,0,0,0,0,1,2,0,2,0,0,1,0,0,0,0,1,1,0,0,0,0,0,0,0,0
eat my gas,1,False,10,2,0,0,0,0,0,0,0,0,0,2,0,0,0,1,0,1,0,0,0,0,0,1,0,0,0,0,0,1,1,0,0,0,0,1,0,0,0
sox,1,False,3,0,0,0,0,0,0,0,0,0,0,0,0,0,0,0,0,0,0,0,0,0,0,0,0,1,0,0,0,1,0,0,0,0,1,0,0,0,0
kohlinskii,1,False,10,0,0,0,0,0,0,0,0,0,0,0,0,0,0,0,0,0,1,3,0,2,1,0,1,1,0,0,0,1,0,0,0,0,0,0,0,0,0
kearneyyyy,1,False,10,0,0,0,0,0,0,0,0,0,0,1,0,0,0,2,0,0,0,0,0,1,0,0,1,0,0,0,1,0,0,0,0,0,0,4,0,0,0
bucketcartt,1,False,11,0,0,0,0,0,0,0,0,0,0,1,1,2,0,1,0,0,0,0,0,1,0,0,0,0,0,0,1,0,3,1,0,0,0,0,0,0,0
i dont auto,1,False,11,2,0,0,0,0,0,0,0,0,0,1,0,0,1,0,0,0,0,1,0,0,0,0,1,2,0,0,0,0,2,1,0,0,0,0,0,0,0
superpol,1,False,8,0,0,0,0,0,0,0,0,0,0,0,0,0,0,1,0,0,0,0,0,0,1,0,0,1,2,0,1,1,0,1,0,0,0,0,0,0,0
domain,1,True,6,0,0,0,0,0,0,0,0,0,0,1,0,0,1,0,0,0,0,1,0,0,0,1,1,1,0,0,0,0,0,0,0,0,0,0,0,0,0
game of moans,1,False,13,2,0,0,0,0,0,0,0,0,0,2,0,0,0,1,1,1,0,0,0,0,0,2,1,2,0,0,0,1,0,0,0,0,0,0,0,0,0
inferno,1,True,7,0,0,0,0,0,0,0,0,0,0,0,0,0,0,1,1,0,0,1,0,0,0,0,2,1,0,0,1,0,0,0,0,0,0,0,0,0,0
ja,1,False,2,0,0,0,0,0,0,0,0,0,0,1,0,0,0,0,0,0,0,0,1,0,0,0,0,0,0,0,0,0,0,0,0,0,0,0,0,0,0
fross,1,False,5,0,0,0,0,0,0,0,0,0,0,0,0,0,0,0,1,0,0,0,0,0,0,0,0,1,0,0,1,2,0,0,0,0,0,0,0,0,0
broxie,1,False,6,0,0,0,0,0,0,0,0,0,0,0,1,0,0,1,0,0,0,1,0,0,0,0,0,1,0,0,1,0,0,0,0,0,1,0,0,0,0
phil,1,False,4,0,0,0,0,0,0,0,0,0,0,0,0,0,0,0,0,0,1,1,0,0,1,0,0,0,1,0,0,0,0,0,0,0,0,0,0,0,0
jackytron,1,False,9,0,0,0,0,0,0,0,0,0,0,1,0,1,0,0,0,0,0,0,1,1,0,0,1,1,0,0,1,0,1,0,0,0,0,1,0,0,0
baromi,1,False,6,0,0,0,0,0,0,0,0,0,0,1,1,0,0,0,0,0,0,1,0,0,0,1,0,1,0,0,1,0,0,0,0,0,0,0,0,0,0
vanitypayne,1,False,11,0,0,0,0,0,0,0,0,0,0,2,0,0,0,1,0,0,0,1,0,0,0,0,2,0,1,0,0,0,1,0,1,0,0,2,0,0,0
hazbob jr,1,False,9,1,0,0,0,0,0,0,0,0,0,1,2,0,0,0,0,0,1,0,1,0,0,0,0,1,0,0,1,0,0,0,0,0,0,0,1,0,0
phil macack,1,False,11,1,0,0,0,0,0,0,0,0,0,2,0,2,0,0,0,0,1,1,0,1,1,1,0,0,1,0,0,0,0,0,0,0,0,0,0,0,0
estuu,1,False,5,0,0,0,0,0,0,0,0,0,0,0,0,0,0,1,0,0,0,0,0,0,0,0,0,0,0,0,0,1,1,2,0,0,0,0,0,0,0
hinoy,1,False,5,0,0,0,0,0,0,0,0,0,0,0,0,0,0,0,0,0,1,1,0,0,0,0,1,1,0,0,0,0,0,0,0,0,0,1,0,0,0
i like cheetos,1,False,14,2,0,0,0,0,0,0,0,0,0,0,0,1,0,3,0,0,1,2,0,1,1,0,0,1,0,0,0,1,1,0,0,0,0,0,0,0,0
aster,1,True,5,0,0,0,0,0,0,0,0,0,0,1,0,0,0,1,0,0,0,0,0,0,0,0,0,0,0,0,1,1,1,0,0,0,0,0,0,0,0
foncy,1,False,5,0,0,0,0,0,0,0,0,0,0,0,0,1,0,0,1,0,0,0,0,0,0,0,1,1,0,0,0,0,0,0,0,0,0,1,0,0,0
schokoriegelmann,1,False,16,0,0,0,0,0,0,0,0,0,0,1,0,1,0,2,0,1,1,1,0,1,1,1,2,2,0,0,1,1,0,0,0,0,0,0,0,0,0
eloose,1,False,6,0,0,0,0,0,0,0,0,0,0,0,0,0,0,2,0,0,0,0,0,0,1,0,0,2,0,0,0,1,0,0,0,0,0,0,0,0,0
spremium,1,False,8,0,0,0,0,0,0,0,0,0,0,0,0,0,0,1,0,0,0,1,0,0,0,2,0,0,1,0,1,1,0,1,0,0,0,0,0,0,0
getturtled,1,False,10,0,0,0,0,0,0,0,0,0,0,0,0,0,1,2,0,1,0,0,0,0,1,0,0,0,0,0,1,0,3,1,0,0,0,0,0,0,0
fizzikhul,1,False,9,0,0,0,0,0,0,0,0,0,0,0,0,0,0,0,1,0,1,2,0,1,1,0,0,0,0,0,0,0,0,1,0,0,0,0,2,0,0
dangerdonger,1,False,12,0,0,0,0,0,0,0,0,0,0,1,0,0,2,2,0,2,0,0,0,0,0,0,2,1,0,0,2,0,0,0,0,0,0,0,0,0,0
kennysan,1,False,8,0,0,0,0,0,0,0,0,0,0,1,0,0,0,1,0,0,0,0,0,1,0,0,3,0,0,0,0,1,0,0,0,0,0,1,0,0,0
byrddubs,1,False,8,0,0,0,0,0,0,0,0,0,0,0,2,0,2,0,0,0,0,0,0,0,0,0,0,0,0,0,1,1,0,1,0,0,0,1,0,0,0
swagnaros,1,False,9,0,0,0,0,0,0,0,0,0,0,2,0,0,0,0,0,1,0,0,0,0,0,0,1,1,0,0,1,2,0,0,0,1,0,0,0,0,0
omiestar,1,False,8,0,0,0,0,0,0,0,0,0,0,1,0,0,0,1,0,0,0,1,0,0,0,1,0,1,0,0,1,1,1,0,0,0,0,0,0,0,0
chungus,1,False,7,0,0,0,0,0,0,0,0,0,0,0,0,1,0,0,0,1,1,0,0,0,0,0,1,0,0,0,0,1,0,2,0,0,0,0,0,0,0
carbonfiber,1,False,11,0,0,0,0,0,0,0,0,0,0,1,2,1,0,1,1,0,0,1,0,0,0,0,1,1,0,0,2,0,0,0,0,0,0,0,0,0,0
jackytron,1,False,9,0,0,0,0,0,0,0,0,0,0,1,0,1,0,0,0,0,0,0,1,1,0,0,1,1,0,0,1,0,1,0,0,0,0,1,0,0,0
whale that iam,1,False,14,2,0,0,0,0,0,0,0,0,0,3,0,0,0,1,0,0,2,1,0,0,1,1,0,0,0,0,0,0,2,0,0,1,0,0,0,0,0
eltiodominicano,1,False,15,0,0,0,0,0,0,0,0,0,0,1,0,1,1,1,0,0,0,3,0,0,1,1,2,3,0,0,0,0,1,0,0,0,0,0,0,0,0
blossombackspin,1,False,15,0,0,0,0,0,0,0,0,0,0,1,2,1,0,0,0,0,0,1,0,1,1,1,1,2,1,0,0,3,0,0,0,0,0,0,0,0,0
cruelmist,1,False,9,0,0,0,0,0,0,0,0,0,0,0,0,1,0,1,0,0,0,1,0,0,1,1,0,0,0,0,1,1,1,1,0,0,0,0,0,0,0
limbus,1,True,6,0,0,0,0,0,0,0,0,0,0,0,1,0,0,0,0,0,0,1,0,0,1,1,0,0,0,0,0,1,0,1,0,0,0,0,0,0,0
awsmsauce1,1,False,10,0,0,1,0,0,0,0,0,0,0,2,0,1,0,1,0,0,0,0,0,0,0,1,0,0,0,0,0,2,0,1,0,1,0,0,0,0,0
kaywai,1,False,6,0,0,0,0,0,0,0,0,0,0,2,0,0,0,0,0,0,0,1,0,1,0,0,0,0,0,0,0,0,0,0,0,1,0,1,0,0,0
vluxhoi,1,False,7,0,0,0,0,0,0,0,0,0,0,0,0,0,0,0,0,0,1,1,0,0,1,0,0,1,0,0,0,0,0,1,1,0,1,0,0,0,0
azanori,1,False,7,0,0,0,0,0,0,0,0,0,0,2,0,0,0,0,0,0,0,1,0,0,0,0,1,1,0,0,1,0,0,0,0,0,0,0,1,0,0
lilpreacherman,1,False,14,0,0,0,0,0,0,0,0,0,0,2,0,1,0,2,0,0,1,1,0,0,2,1,1,0,1,0,2,0,0,0,0,0,0,0,0,0,0
undefinedmist,1,False,13,0,0,0,0,0,0,0,0,0,0,0,0,0,2,2,1,0,0,2,0,0,0,1,2,0,0,0,0,1,1,1,0,0,0,0,0,0,0
duckbutrubber,1,False,13,0,0,0,0,0,0,0,0,0,0,0,3,1,1,1,0,0,0,0,0,1,0,0,0,0,0,0,2,0,1,3,0,0,0,0,0,0,0
mimickles,1,False,9,0,0,0,0,0,0,0,0,0,0,0,0,1,0,1,0,0,0,2,0,1,1,2,0,0,0,0,0,1,0,0,0,0,0,0,0,0,0
dutchsamster,1,False,12,0,0,0,0,0,0,0,0,0,0,1,0,1,1,1,0,0,1,0,0,0,0,1,0,0,0,0,1,2,2,1,0,0,0,0,0,0,0
raffs,1,False,5,0,0,0,0,0,0,0,0,0,0,1,0,0,0,0,2,0,0,0,0,0,0,0,0,0,0,0,1,1,0,0,0,0,0,0,0,0,0
piklas,1,False,6,0,0,0,0,0,0,0,0,0,0,1,0,0,0,0,0,0,0,1,0,1,1,0,0,0,1,0,0,1,0,0,0,0,0,0,0,0,0
mousto,1,False,6,0,0,0,0,0,0,0,0,0,0,0,0,0,0,0,0,0,0,0,0,0,0,1,0,2,0,0,0,1,1,1,0,0,0,0,0,0,0
gentlemanbastard,1,False,16,0,0,0,0,0,0,0,0,0,0,3,1,0,1,2,0,1,0,0,0,0,1,1,2,0,0,0,1,1,2,0,0,0,0,0,0,0,0
bigdongyep,1,False,10,0,0,0,0,0,0,0,0,0,0,0,1,0,1,1,0,2,0,1,0,0,0,0,1,1,1,0,0,0,0,0,0,0,0,1,0,0,0
chicken chalupa,1,False,15,1,0,0,0,0,0,0,0,0,0,2,0,3,0,1,0,0,2,1,0,1,1,0,1,0,1,0,0,0,0,1,0,0,0,0,0,0,0
dejango,1,False,7,0,0,0,0,0,0,0,0,0,0,1,0,0,1,1,0,1,0,0,1,0,0,0,1,1,0,0,0,0,0,0,0,0,0,0,0,0,0
polloshermannos,1,False,15,0,0,0,0,0,0,0,0,0,0,1,0,0,0,1,0,0,1,0,0,0,2,1,2,3,1,0,1,2,0,0,0,0,0,0,0,0,0
muzanskotadi,1,False,12,0,0,0,0,0,0,0,0,0,0,2,0,0,1,0,0,0,0,1,0,1,0,1,1,1,0,0,0,1,1,1,0,0,0,0,1,0,0
lzrflip,1,False,7,0,0,0,0,0,0,0,0,0,0,0,0,0,0,0,1,0,0,1,0,0,2,0,0,0,1,0,1,0,0,0,0,0,0,0,1,0,0
omorio,1,False,6,0,0,0,0,0,0,0,0,0,0,0,0,0,0,0,0,0,0,1,0,0,0,1,0,3,0,0,1,0,0,0,0,0,0,0,0,0,0
himynameisokay,1,False,14,0,0,0,0,0,0,0,0,0,0,2,0,0,0,1,0,0,1,2,0,1,0,2,1,1,0,0,0,1,0,0,0,0,0,2,0,0,0
vensker,1,False,7,0,0,0,0,0,0,0,0,0,0,0,0,0,0,2,0,0,0,0,0,1,0,0,1,0,0,0,1,1,0,0,1,0,0,0,0,0,0
hergal,1,False,6,0,0,0,0,0,0,0,0,0,0,1,0,0,0,1,0,1,1,0,0,0,1,0,0,0,0,0,1,0,0,0,0,0,0,0,0,0,0
gayferqueen,1,False,11,0,0,0,0,0,0,0,0,0,0,1,0,0,0,3,1,1,0,0,0,0,0,0,1,0,0,1,1,0,0,1,0,0,0,1,0,0,0
kawbara,1,False,7,0,0,0,0,0,0,0,0,0,0,3,1,0,0,0,0,0,0,0,0,1,0,0,0,0,0,0,1,0,0,0,0,1,0,0,0,0,0
fug hue,1,False,7,1,0,0,0,0,0,0,0,0,0,0,0,0,0,1,1,1,1,0,0,0,0,0,0,0,0,0,0,0,0,2,0,0,0,0,0,0,0
webber,1,True,6,0,0,0,0,0,0,0,0,0,0,0,2,0,0,2,0,0,0,0,0,0,0,0,0,0,0,0,1,0,0,0,0,1,0,0,0,0,0
flayex,1,False,6,0,0,0,0,0,0,0,0,0,0,1,0,0,0,1,1,0,0,0,0,0,1,0,0,0,0,0,0,0,0,0,0,0,1,1,0,0,0
jacksperrung,1,False,12,0,0,0,0,0,0,0,0,0,0,1,0,1,0,1,0,1,0,0,1,1,0,0,1,0,1,0,2,1,0,1,0,0,0,0,0,0,0
winchester,1,False,10,0,0,0,0,0,0,0,0,0,0,0,0,1,0,2,0,0,1,1,0,0,0,0,1,0,0,0,1,1,1,0,0,1,0,0,0,0,0
greedisback,1,False,11,0,0,0,0,0,0,0,0,0,0,1,1,1,1,2,0,1,0,1,0,1,0,0,0,0,0,0,1,1,0,0,0,0,0,0,0,0,0
deaththekid,1,False,11,0,0,0,0,0,0,0,0,0,0,1,0,0,2,2,0,0,2,1,0,1,0,0,0,0,0,0,0,0,2,0,0,0,0,0,0,0,0
hubbies,1,False,7,0,0,0,0,0,0,0,0,0,0,0,2,0,0,1,0,0,1,1,0,0,0,0,0,0,0,0,0,1,0,1,0,0,0,0,0,0,0
holdentoodix,1,False,12,0,0,0,0,0,0,0,0,0,0,0,0,0,2,1,0,0,1,1,0,0,1,0,1,3,0,0,0,0,1,0,0,0,1,0,0,0,0
kozume,1,False,6,0,0,0,0,0,0,0,0,0,0,0,0,0,0,1,0,0,0,0,0,1,0,1,0,1,0,0,0,0,0,1,0,0,0,0,1,0,0
lil bwayne,1,False,10,1,0,0,0,0,0,0,0,0,0,1,1,0,0,1,0,0,0,1,0,0,2,0,1,0,0,0,0,0,0,0,0,1,0,1,0,0,0
pionara,1,False,7,0,0,0,0,0,0,0,0,0,0,2,0,0,0,0,0,0,0,1,0,0,0,0,1,1,1,0,1,0,0,0,0,0,0,0,0,0,0
chocolate for dinner,1,False,20,2,0,0,0,0,0,0,0,0,0,1,0,2,1,2,1,0,1,1,0,0,1,0,2,3,0,0,2,0,1,0,0,0,0,0,0,0,0
blazinraisin,1,False,12,0,0,0,0,0,0,0,0,0,0,2,1,0,0,0,0,0,0,3,0,0,1,0,2,0,0,0,1,1,0,0,0,0,0,0,1,0,0
belgianbutcher,1,False,14,0,0,0,0,0,0,0,0,0,0,1,2,1,0,2,0,1,1,1,0,0,1,0,1,0,0,0,1,0,1,1,0,0,0,0,0,0,0
kurrybo,1,False,7,0,0,0,0,0,0,0,0,0,0,0,1,0,0,0,0,0,0,0,0,1,0,0,0,1,0,0,2,0,0,1,0,0,0,1,0,0,0
osrsbraddac,1,False,11,0,0,0,0,0,0,0,0,0,0,2,1,1,2,0,0,0,0,0,0,0,0,0,0,1,0,0,2,2,0,0,0,0,0,0,0,0,0
badman,1,False,6,0,0,0,0,0,0,0,0,0,0,2,1,0,1,0,0,0,0,0,0,0,0,1,1,0,0,0,0,0,0,0,0,0,0,0,0,0,0
shaydee,1,False,7,0,0,0,0,0,0,0,0,0,0,1,0,0,1,2,0,0,1,0,0,0,0,0,0,0,0,0,0,1,0,0,0,0,0,1,0,0,0
shadow murloc,1,False,13,1,0,0,0,0,0,0,0,0,0,1,0,1,1,0,0,0,1,0,0,0,1,1,0,2,0,0,1,1,0,1,0,1,0,0,0,0,0
juicyfartnugget,1,False,15,0,0,0,0,0,0,0,0,0,0,1,0,1,0,1,1,2,0,1,1,0,0,0,1,0,0,0,1,0,2,2,0,0,0,1,0,0,0
ejectedbunny,1,False,12,0,0,0,0,0,0,0,0,0,0,0,1,1,1,3,0,0,0,0,1,0,0,0,2,0,0,0,0,0,1,1,0,0,0,1,0,0,0
radicul,1,False,7,0,0,0,0,0,0,0,0,0,0,1,0,1,1,0,0,0,0,1,0,0,1,0,0,0,0,0,1,0,0,1,0,0,0,0,0,0,0
trihonometry,1,False,12,0,0,0,0,0,0,0,0,0,0,0,0,0,0,1,0,0,1,1,0,0,0,1,1,2,0,0,2,0,2,0,0,0,0,1,0,0,0
joebean,1,False,7,0,0,0,0,0,0,0,0,0,0,1,1,0,0,2,0,0,0,0,1,0,0,0,1,1,0,0,0,0,0,0,0,0,0,0,0,0,0
fenecios1,1,False,9,0,0,1,0,0,0,0,0,0,0,0,0,1,0,2,1,0,0,1,0,0,0,0,1,1,0,0,0,1,0,0,0,0,0,0,0,0,0
echidna,1,True,7,0,0,0,0,0,0,0,0,0,0,1,0,1,1,1,0,0,1,1,0,0,0,0,1,0,0,0,0,0,0,0,0,0,0,0,0,0,0
jaychickenk,1,False,11,0,0,0,0,0,0,0,0,0,0,1,0,2,0,1,0,0,1,1,1,2,0,0,1,0,0,0,0,0,0,0,0,0,0,1,0,0,0
nuttynuzzler,1,False,12,0,0,0,0,0,0,0,0,0,0,0,0,0,0,1,0,0,0,0,0,0,1,0,2,0,0,0,1,0,2,2,0,0,0,1,2,0,0
duduisdoodoo,1,False,12,0,0,0,0,0,0,0,0,0,0,0,0,0,4,0,0,0,0,1,0,0,0,0,0,4,0,0,0,1,0,2,0,0,0,0,0,0,0
diegoperezalz,1,False,13,0,0,0,0,0,0,0,0,0,0,1,0,0,1,3,0,1,0,1,0,0,1,0,0,1,1,0,1,0,0,0,0,0,0,0,2,0,0
gondo,1,False,5,0,0,0,0,0,0,0,0,0,0,0,0,0,1,0,0,1,0,0,0,0,0,0,1,2,0,0,0,0,0,0,0,0,0,0,0,0,0
wordbot,1,False,7,0,0,0,0,0,0,0,0,0,0,0,1,0,1,0,0,0,0,0,0,0,0,0,0,2,0,0,1,0,1,0,0,1,0,0,0,0,0
nicogazza,1,False,9,0,0,0,0,0,0,0,0,0,0,2,0,1,0,0,0,1,0,1,0,0,0,0,1,1,0,0,0,0,0,0,0,0,0,0,2,0,0
neidanshu,1,False,9,0,0,0,0,0,0,0,0,0,0,1,0,0,1,1,0,0,1,1,0,0,0,0,2,0,0,0,0,1,0,1,0,0,0,0,0,0,0
moxley,1,False,6,0,0,0,0,0,0,0,0,0,0,0,0,0,0,1,0,0,0,0,0,0,1,1,0,1,0,0,0,0,0,0,0,0,1,1,0,0,0
euravyz,1,False,7,0,0,0,0,0,0,0,0,0,0,1,0,0,0,1,0,0,0,0,0,0,0,0,0,0,0,0,1,0,0,1,1,0,0,1,1,0,0
fjordi,1,False,6,0,0,0,0,0,0,0,0,0,0,0,0,0,1,0,1,0,0,1,1,0,0,0,0,1,0,0,1,0,0,0,0,0,0,0,0,0,0
goleon,1,False,6,0,0,0,0,0,0,0,0,0,0,0,0,0,0,1,0,1,0,0,0,0,1,0,1,2,0,0,0,0,0,0,0,0,0,0,0,0,0
galtdyn,1,False,7,0,0,0,0,0,0,0,0,0,0,1,0,0,1,0,0,1,0,0,0,0,1,0,1,0,0,0,0,0,1,0,0,0,0,1,0,0,0
luzbel,1,False,6,0,0,0,0,0,0,0,0,0,0,0,1,0,0,1,0,0,0,0,0,0,2,0,0,0,0,0,0,0,0,1,0,0,0,0,1,0,0
weeniehutjunior,1,False,15,0,0,0,0,0,0,0,0,0,0,0,0,0,0,3,0,0,1,2,1,0,0,0,2,1,0,0,1,0,1,2,0,1,0,0,0,0,0
fenceduck,1,False,9,0,0,0,0,0,0,0,0,0,0,0,0,2,1,2,1,0,0,0,0,1,0,0,1,0,0,0,0,0,0,1,0,0,0,0,0,0,0
np4u,1,False,4,0,0,0,0,0,1,0,0,0,0,0,0,0,0,0,0,0,0,0,0,0,0,0,1,0,1,0,0,0,0,1,0,0,0,0,0,0,0
abootwarrior,1,False,12,0,0,0,0,0,0,0,0,0,0,2,1,0,0,0,0,0,0,1,0,0,0,0,0,3,0,0,3,0,1,0,0,1,0,0,0,0,0
wombo combo,1,False,11,1,0,0,0,0,0,0,0,0,0,0,2,1,0,0,0,0,0,0,0,0,0,2,0,4,0,0,0,0,0,0,0,1,0,0,0,0,0
pito,1,False,4,0,0,0,0,0,0,0,0,0,0,0,0,0,0,0,0,0,0,1,0,0,0,0,0,1,1,0,0,0,1,0,0,0,0,0,0,0,0
nohu,1,False,4,0,0,0,0,0,0,0,0,0,0,0,0,0,0,0,0,0,1,0,0,0,0,0,1,1,0,0,0,0,0,1,0,0,0,0,0,0,0
alphrom,1,False,7,0,0,0,0,0,0,0,0,0,0,1,0,0,0,0,0,0,1,0,0,0,1,1,0,1,1,0,1,0,0,0,0,0,0,0,0,0,0
dandyfetus,1,False,10,0,0,0,0,0,0,0,0,0,0,1,0,0,2,1,1,0,0,0,0,0,0,0,1,0,0,0,0,1,1,1,0,0,0,1,0,0,0
gregsdspingu,1,False,12,0,0,0,0,0,0,0,0,0,0,0,0,0,1,1,0,3,0,1,0,0,0,0,1,0,1,0,1,2,0,1,0,0,0,0,0,0,0
yoosungiscool,1,False,13,0,0,0,0,0,0,0,0,0,0,0,0,1,0,0,0,1,0,1,0,0,1,0,1,4,0,0,0,2,0,1,0,0,0,1,0,0,0
ganre,1,False,5,0,0,0,0,0,0,0,0,0,0,1,0,0,0,1,0,1,0,0,0,0,0,0,1,0,0,0,1,0,0,0,0,0,0,0,0,0,0
kekis,1,False,5,0,0,0,0,0,0,0,0,0,0,0,0,0,0,1,0,0,0,1,0,2,0,0,0,0,0,0,0,1,0,0,0,0,0,0,0,0,0
madarclucifer,1,False,13,0,0,0,0,0,0,0,0,0,0,2,0,2,1,1,1,0,0,1,0,0,1,1,0,0,0,0,2,0,0,1,0,0,0,0,0,0,0
pesky,1,True,5,0,0,0,0,0,0,0,0,0,0,0,0,0,0,1,0,0,0,0,0,1,0,0,0,0,1,0,0,1,0,0,0,0,0,1,0,0,0
eduardo,1,False,7,0,0,0,0,0,0,0,0,0,0,1,0,0,2,1,0,0,0,0,0,0,0,0,0,1,0,0,1,0,0,1,0,0,0,0,0,0,0
kimsanity,1,False,9,0,0,0,0,0,0,0,0,0,0,1,0,0,0,0,0,0,0,2,0,1,0,1,1,0,0,0,0,1,1,0,0,0,0,1,0,0,0
sannaglajs,1,False,10,0,0,0,0,0,0,0,0,0,0,3,0,0,0,0,0,1,0,0,1,0,1,0,2,0,0,0,0,2,0,0,0,0,0,0,0,0,0
alphawolfsniper,1,False,15,0,0,0,0,0,0,0,0,0,0,2,0,0,0,1,1,0,1,1,0,0,2,0,1,1,2,0,1,1,0,0,0,1,0,0,0,0,0
milostoj,1,False,8,0,0,0,0,0,0,0,0,0,0,0,0,0,0,0,0,0,0,1,1,0,1,1,0,2,0,0,0,1,1,0,0,0,0,0,0,0,0
odrino,1,False,6,0,0,0,0,0,0,0,0,0,0,0,0,0,1,0,0,0,0,1,0,0,0,0,1,2,0,0,1,0,0,0,0,0,0,0,0,0,0
vickers,1,False,7,0,0,0,0,0,0,0,0,0,0,0,0,1,0,1,0,0,0,1,0,1,0,0,0,0,0,0,1,1,0,0,1,0,0,0,0,0,0
wreckar,1,False,7,0,0,0,0,0,0,0,0,0,0,1,0,1,0,1,0,0,0,0,0,1,0,0,0,0,0,0,2,0,0,0,0,1,0,0,0,0,0
hahahastsagoodone,1,False,17,0,0,0,0,0,0,0,0,0,0,4,0,0,1,1,0,1,3,0,0,0,0,0,1,3,0,0,0,2,1,0,0,0,0,0,0,0,0
rumblerap,1,False,9,0,0,0,0,0,0,0,0,0,0,1,1,0,0,1,0,0,0,0,0,0,1,1,0,0,1,0,2,0,0,1,0,0,0,0,0,0,0
aimonme,1,False,7,0,0,0,0,0,0,0,0,0,0,1,0,0,0,1,0,0,0,1,0,0,0,2,1,1,0,0,0,0,0,0,0,0,0,0,0,0,0
bugge,1,False,5,0,0,0,0,0,0,0,0,0,0,0,1,0,0,1,0,2,0,0,0,0,0,0,0,0,0,0,0,0,0,1,0,0,0,0,0,0,0
amanda,1,False,6,0,0,0,0,0,0,0,0,0,0,3,0,0,1,0,0,0,0,0,0,0,0,1,1,0,0,0,0,0,0,0,0,0,0,0,0,0,0
yogzie,1,False,6,0,0,0,0,0,0,0,0,0,0,0,0,0,0,1,0,1,0,1,0,0,0,0,0,1,0,0,0,0,0,0,0,0,0,1,1,0,0
watchthisfail,1,False,13,0,0,0,0,0,0,0,0,0,0,2,0,1,0,0,1,0,2,2,0,0,1,0,0,0,0,0,0,1,2,0,0,1,0,0,0,0,0
corkiepooo,1,False,10,0,0,0,0,0,0,0,0,0,0,0,0,1,0,1,0,0,0,1,0,1,0,0,0,4,1,0,1,0,0,0,0,0,0,0,0,0,0
crocus,1,True,6,0,0,0,0,0,0,0,0,0,0,0,0,2,0,0,0,0,0,0,0,0,0,0,0,1,0,0,1,1,0,1,0,0,0,0,0,0,0
theosdeldiablo,1,False,14,0,0,0,0,0,0,0,0,0,0,1,1,0,2,2,0,0,1,1,0,0,2,0,0,2,0,0,0,1,1,0,0,0,0,0,0,0,0
grof,1,False,4,0,0,0,0,0,0,0,0,0,0,0,0,0,0,0,1,1,0,0,0,0,0,0,0,1,0,0,1,0,0,0,0,0,0,0,0,0,0
smocksocks,1,False,10,0,0,0,0,0,0,0,0,0,0,0,0,2,0,0,0,0,0,0,0,2,0,1,0,2,0,0,0,3,0,0,0,0,0,0,0,0,0
bd,1,False,2,0,0,0,0,0,0,0,0,0,0,0,1,0,1,0,0,0,0,0,0,0,0,0,0,0,0,0,0,0,0,0,0,0,0,0,0,0,0
darkerninjax,1,False,12,0,0,0,0,0,0,0,0,0,0,2,0,0,1,1,0,0,0,1,1,1,0,0,2,0,0,0,2,0,0,0,0,0,1,0,0,0,0
fatchicksinhd,1,False,13,0,0,0,0,0,0,0,0,0,0,1,0,2,1,0,1,0,2,2,0,1,0,0,1,0,0,0,0,1,1,0,0,0,0,0,0,0,0
gunnar,1,False,6,0,0,0,0,0,0,0,0,0,0,1,0,0,0,0,0,1,0,0,0,0,0,0,2,0,0,0,1,0,0,1,0,0,0,0,0,0,0
chickenmcrobert,1,False,15,0,0,0,0,0,0,0,0,0,0,0,1,3,0,2,0,0,1,1,0,1,0,1,1,1,0,0,2,0,1,0,0,0,0,0,0,0,0
flamoose,1,False,8,0,0,0,0,0,0,0,0,0,0,1,0,0,0,1,1,0,0,0,0,0,1,1,0,2,0,0,0,1,0,0,0,0,0,0,0,0,0
starstro,1,False,8,0,0,0,0,0,0,0,0,0,0,1,0,0,0,0,0,0,0,0,0,0,0,0,0,1,0,0,2,2,2,0,0,0,0,0,0,0,0
boeldn,1,False,6,0,0,0,0,0,0,0,0,0,0,0,1,0,1,1,0,0,0,0,0,0,1,0,1,1,0,0,0,0,0,0,0,0,0,0,0,0,0
jaykimm,1,False,7,0,0,0,0,0,0,0,0,0,0,1,0,0,0,0,0,0,0,1,1,1,0,2,0,0,0,0,0,0,0,0,0,0,0,1,0,0,0
barmon,1,False,6,0,0,0,0,0,0,0,0,0,0,1,1,0,0,0,0,0,0,0,0,0,0,1,1,1,0,0,1,0,0,0,0,0,0,0,0,0,0
play2win,1,False,8,0,0,0,1,0,0,0,0,0,0,1,0,0,0,0,0,0,0,1,0,0,1,0,1,0,1,0,0,0,0,0,0,1,0,1,0,0,0
porky,1,True,5,0,0,0,0,0,0,0,0,0,0,0,0,0,0,0,0,0,0,0,0,1,0,0,0,1,1,0,1,0,0,0,0,0,0,1,0,0,0
largefella,1,False,10,0,0,0,0,0,0,0,0,0,0,2,0,0,0,2,1,1,0,0,0,0,3,0,0,0,0,0,1,0,0,0,0,0,0,0,0,0,0
earthy,1,True,6,0,0,0,0,0,0,0,0,0,0,1,0,0,0,1,0,0,1,0,0,0,0,0,0,0,0,0,1,0,1,0,0,0,0,1,0,0,0
fullmetal,1,False,9,0,0,0,0,0,0,0,0,0,0,1,0,0,0,1,1,0,0,0,0,0,3,1,0,0,0,0,0,0,1,1,0,0,0,0,0,0,0
derplanberlyk,1,False,13,0,0,0,0,0,0,0,0,0,0,1,1,0,1,2,0,0,0,0,0,1,2,0,1,0,1,0,2,0,0,0,0,0,0,1,0,0,0
just in camp,1,False,12,2,0,0,0,0,0,0,0,0,0,1,0,1,0,0,0,0,0,1,1,0,0,1,1,0,1,0,0,1,1,1,0,0,0,0,0,0,0
flashysingh,1,False,11,0,0,0,0,0,0,0,0,0,0,1,0,0,0,0,1,1,2,1,0,0,1,0,1,0,0,0,0,2,0,0,0,0,0,1,0,0,0
phungus,1,False,7,0,0,0,0,0,0,0,0,0,0,0,0,0,0,0,0,1,1,0,0,0,0,0,1,0,1,0,0,1,0,2,0,0,0,0,0,0,0
stokes,1,False,6,0,0,0,0,0,0,0,0,0,0,0,0,0,0,1,0,0,0,0,0,1,0,0,0,1,0,0,0,2,1,0,0,0,0,0,0,0,0
bodyr,1,False,5,0,0,0,0,0,0,0,0,0,0,0,1,0,1,0,0,0,0,0,0,0,0,0,0,1,0,0,1,0,0,0,0,0,0,1,0,0,0
coypirus,1,False,8,0,0,0,0,0,0,0,0,0,0,0,0,1,0,0,0,0,0,1,0,0,0,0,0,1,1,0,1,1,0,1,0,0,0,1,0,0,0
decroya,1,False,7,0,0,0,0,0,0,0,0,0,0,1,0,1,1,1,0,0,0,0,0,0,0,0,0,1,0,0,1,0,0,0,0,0,0,1,0,0,0
yankkon,1,False,7,0,0,0,0,0,0,0,0,0,0,1,0,0,0,0,0,0,0,0,0,2,0,0,2,1,0,0,0,0,0,0,0,0,0,1,0,0,0
dethreaper,1,False,10,0,0,0,0,0,0,0,0,0,0,1,0,0,1,3,0,0,1,0,0,0,0,0,0,0,1,0,2,0,1,0,0,0,0,0,0,0,0
bous,1,False,4,0,0,0,0,0,0,0,0,0,0,0,1,0,0,0,0,0,0,0,0,0,0,0,0,1,0,0,0,1,0,1,0,0,0,0,0,0,0
yowneh,1,False,6,0,0,0,0,0,0,0,0,0,0,0,0,0,0,1,0,0,1,0,0,0,0,0,1,1,0,0,0,0,0,0,0,1,0,1,0,0,0
archkemon,1,False,9,0,0,0,0,0,0,0,0,0,0,1,0,1,0,1,0,0,1,0,0,1,0,1,1,1,0,0,1,0,0,0,0,0,0,0,0,0,0
themfeels,1,False,9,0,0,0,0,0,0,0,0,0,0,0,0,0,0,3,1,0,1,0,0,0,1,1,0,0,0,0,0,1,1,0,0,0,0,0,0,0,0
fvckwil,1,False,7,0,0,0,0,0,0,0,0,0,0,0,0,1,0,0,1,0,0,1,0,1,1,0,0,0,0,0,0,0,0,0,1,1,0,0,0,0,0
onlyfansabuser,1,False,14,0,0,0,0,0,0,0,0,0,0,2,1,0,0,1,1,0,0,0,0,0,1,0,2,1,0,0,1,2,0,1,0,0,0,1,0,0,0
conner,1,True,6,0,0,0,0,0,0,0,0,0,0,0,0,1,0,1,0,0,0,0,0,0,0,0,2,1,0,0,1,0,0,0,0,0,0,0,0,0,0
skressful,1,False,9,0,0,0,0,0,0,0,0,0,0,0,0,0,0,1,1,0,0,0,0,1,1,0,0,0,0,0,1,3,0,1,0,0,0,0,0,0,0
christopher,1,False,11,0,0,0,0,0,0,0,0,0,0,0,0,1,0,1,0,0,2,1,0,0,0,0,0,1,1,0,2,1,1,0,0,0,0,0,0,0,0
jericho,1,False,7,0,0,0,0,0,0,0,0,0,0,0,0,1,0,1,0,0,1,1,1,0,0,0,0,1,0,0,1,0,0,0,0,0,0,0,0,0,0
tristan,1,False,7,0,0,0,0,0,0,0,0,0,0,1,0,0,0,0,0,0,0,1,0,0,0,0,1,0,0,0,1,1,2,0,0,0,0,0,0,0,0
billiard,1,True,8,0,0,0,0,0,0,0,0,0,0,1,1,0,1,0,0,0,0,2,0,0,2,0,0,0,0,0,1,0,0,0,0,0,0,0,0,0,0
zamaritan,1,False,9,0,0,0,0,0,0,0,0,0,0,3,0,0,0,0,0,0,0,1,0,0,0,1,1,0,0,0,1,0,1,0,0,0,0,0,1,0,0
marcel,1,True,6,0,0,0,0,0,0,0,0,0,0,1,0,1,0,1,0,0,0,0,0,0,1,1,0,0,0,0,1,0,0,0,0,0,0,0,0,0,0
harry houdini,1,False,13,1,0,0,0,0,0,0,0,0,0,1,0,0,1,0,0,0,2,2,0,0,0,0,1,1,0,0,2,0,0,1,0,0,0,1,0,0,0
darkcam,1,False,7,0,0,0,0,0,0,0,0,0,0,2,0,1,1,0,0,0,0,0,0,1,0,1,0,0,0,0,1,0,0,0,0,0,0,0,0,0,0
depressedpainsad,1,False,16,0,0,0,0,0,0,0,0,0,0,2,0,0,3,3,0,0,0,1,0,0,0,0,1,0,2,0,1,3,0,0,0,0,0,0,0,0,0
ckay,1,False,4,0,0,0,0,0,0,0,0,0,0,1,0,1,0,0,0,0,0,0,0,1,0,0,0,0,0,0,0,0,0,0,0,0,0,1,0,0,0
jay,1,True,3,0,0,0,0,0,0,0,0,0,0,1,0,0,0,0,0,0,0,0,1,0,0,0,0,0,0,0,0,0,0,0,0,0,0,1,0,0,0
sub,1,True,3,0,0,0,0,0,0,0,0,0,0,0,1,0,0,0,0,0,0,0,0,0,0,0,0,0,0,0,0,1,0,1,0,0,0,0,0,0,0
seatedrat,1,False,9,0,0,0,0,0,0,0,0,0,0,2,0,0,1,2,0,0,0,0,0,0,0,0,0,0,0,0,1,1,2,0,0,0,0,0,0,0,0
king booba,1,False,10,1,0,0,0,0,0,0,0,0,0,1,2,0,0,0,0,1,0,1,0,1,0,0,1,2,0,0,0,0,0,0,0,0,0,0,0,0,0
thadfr,1,False,6,0,0,0,0,0,0,0,0,0,0,1,0,0,1,0,1,0,1,0,0,0,0,0,0,0,0,0,1,0,1,0,0,0,0,0,0,0,0
kogreed,1,False,7,0,0,0,0,0,0,0,0,0,0,0,0,0,1,2,0,1,0,0,0,1,0,0,0,1,0,0,1,0,0,0,0,0,0,0,0,0,0
einz,1,False,4,0,0,0,0,0,0,0,0,0,0,0,0,0,0,1,0,0,0,1,0,0,0,0,1,0,0,0,0,0,0,0,0,0,0,0,1,0,0
janeli,1,False,6,0,0,0,0,0,0,0,0,0,0,1,0,0,0,1,0,0,0,1,1,0,1,0,1,0,0,0,0,0,0,0,0,0,0,0,0,0,0
kongzilla,1,False,9,0,0,0,0,0,0,0,0,0,0,1,0,0,0,0,0,1,0,1,0,1,2,0,1,1,0,0,0,0,0,0,0,0,0,0,1,0,0
mansa musa,1,False,10,1,0,0,0,0,0,0,0,0,0,3,0,0,0,0,0,0,0,0,0,0,0,2,1,0,0,0,0,2,0,1,0,0,0,0,0,0,0
damnatiomemoriae,1,False,16,0,0,0,0,0,0,0,0,0,0,3,0,0,1,2,0,0,0,2,0,0,0,3,1,2,0,0,1,0,1,0,0,0,0,0,0,0,0
studmuffin,1,False,10,0,0,0,0,0,0,0,0,0,0,0,0,0,1,0,2,0,0,1,0,0,0,1,1,0,0,0,0,1,1,2,0,0,0,0,0,0,0
needbe,1,False,6,0,0,0,0,0,0,0,0,0,0,0,1,0,1,3,0,0,0,0,0,0,0,0,1,0,0,0,0,0,0,0,0,0,0,0,0,0,0
iliasna,1,False,7,0,0,0,0,0,0,0,0,0,0,2,0,0,0,0,0,0,0,2,0,0,1,0,1,0,0,0,0,1,0,0,0,0,0,0,0,0,0
flxn,1,False,4,0,0,0,0,0,0,0,0,0,0,0,0,0,0,0,1,0,0,0,0,0,1,0,1,0,0,0,0,0,0,0,0,0,1,0,0,0,0
cruapply,1,False,8,0,0,0,0,0,0,0,0,0,0,1,0,1,0,0,0,0,0,0,0,0,1,0,0,0,2,0,1,0,0,1,0,0,0,1,0,0,0
schwax,1,False,6,0,0,0,0,0,0,0,0,0,0,1,0,1,0,0,0,0,1,0,0,0,0,0,0,0,0,0,0,1,0,0,0,1,1,0,0,0,0
taranitup,1,False,9,0,0,0,0,0,0,0,0,0,0,2,0,0,0,0,0,0,0,1,0,0,0,0,1,0,1,0,1,0,2,1,0,0,0,0,0,0,0
gertsson,1,False,8,0,0,0,0,0,0,0,0,0,0,0,0,0,0,1,0,1,0,0,0,0,0,0,1,1,0,0,1,2,1,0,0,0,0,0,0,0,0
lenny,1,False,5,0,0,0,0,0,0,0,0,0,0,0,0,0,0,1,0,0,0,0,0,0,1,0,2,0,0,0,0,0,0,0,0,0,0,1,0,0,0
misterwolfe,1,False,11,0,0,0,0,0,0,0,0,0,0,0,0,0,0,2,1,0,0,1,0,0,1,1,0,1,0,0,1,1,1,0,0,1,0,0,0,0,0
socom,1,False,5,0,0,0,0,0,0,0,0,0,0,0,0,1,0,0,0,0,0,0,0,0,0,1,0,2,0,0,0,1,0,0,0,0,0,0,0,0,0
affince,1,False,7,0,0,0,0,0,0,0,0,0,0,1,0,1,0,1,2,0,0,1,0,0,0,0,1,0,0,0,0,0,0,0,0,0,0,0,0,0,0
richmoney,1,False,9,0,0,0,0,0,0,0,0,0,0,0,0,1,0,1,0,0,1,1,0,0,0,1,1,1,0,0,1,0,0,0,0,0,0,1,0,0,0
berzi,1,False,5,0,0,0,0,0,0,0,0,0,0,0,1,0,0,1,0,0,0,1,0,0,0,0,0,0,0,0,1,0,0,0,0,0,0,0,1,0,0
yaboidreamy,1,False,11,0,0,0,0,0,0,0,0,0,0,2,1,0,1,1,0,0,0,1,0,0,0,1,0,1,0,0,1,0,0,0,0,0,0,2,0,0,0
kekboh,1,False,6,0,0,0,0,0,0,0,0,0,0,0,1,0,0,1,0,0,1,0,0,2,0,0,0,1,0,0,0,0,0,0,0,0,0,0,0,0,0
fogoff,1,False,6,0,0,0,0,0,0,0,0,0,0,0,0,0,0,0,3,1,0,0,0,0,0,0,0,2,0,0,0,0,0,0,0,0,0,0,0,0,0
